,const,Runtime,imdbVotes,Metascore,imdbRating,Award Status_Nominated,Award Status_Oscar Nom,Award Status_Oscar Win,Award Status_Win,Genre Group_Action/Adventure,Genre Group_Animation,Genre Group_Comedy,Genre Group_Drama/Thriller,Genre Group_Horror
2179,1.0,97.0,2.0,58.500851788756385,6.4,0,0,0,0,1,0,0,0,0
1092,1.0,128.0,409.0,100.0,8.3,0,1,0,0,0,0,0,0,0
2341,1.0,158.0,4.0,79.0,7.1,1,0,0,0,0,0,0,1,0
207,1.0,97.0,51.0,63.0,6.7,0,1,0,0,0,0,1,0,0
574,1.0,94.0,8.0,25.0,2.7,1,0,0,0,0,0,1,0,0
2820,1.0,96.0,8.0,89.0,6.9,1,0,0,0,1,0,0,0,0
316,1.0,94.0,5.0,48.0,5.7,0,0,0,1,0,0,1,0,0
225,1.0,90.0,2.0,58.500851788756385,3.7,0,0,0,1,0,0,1,0,0
2015,1.0,115.0,11.0,71.0,7.6,0,0,0,1,0,0,0,1,0
1649,1.0,72.0,331.0,58.500851788756385,7.4,0,1,0,0,0,0,0,0,0
3263,1.0,90.0,448.0,58.500851788756385,5.4,0,0,0,1,0,0,0,1,0
2546,1.0,89.0,7.0,77.0,7.3,0,0,0,1,0,0,1,0,0
2630,1.0,122.0,1.0,75.0,7.9,1,0,0,0,0,0,0,0,0
1047,1.0,136.0,345.0,58.0,7.4,0,1,0,0,1,0,0,0,0
2559,1.0,93.0,3.0,73.0,7.5,0,0,0,1,0,0,0,1,0
2493,1.0,128.0,413.0,69.0,7.1,0,0,0,1,1,0,0,0,0
2230,1.0,96.0,162.0,42.0,6.2,0,0,0,1,1,0,0,0,0
1856,1.0,95.0,154.0,21.0,3.6,0,0,0,0,0,0,1,0,0
520,1.0,107.0,1.0,58.500851788756385,5.4,0,0,0,0,0,0,0,0,0
2859,1.0,86.0,240.0,44.0,6.9,1,0,0,0,0,0,0,0,0
2326,1.0,156.0,311.0,59.0,8.0,0,0,1,0,0,0,0,1,0
2073,1.0,130.0,75.0,76.0,6.6,0,0,1,0,0,0,0,1,0
2074,1.0,85.0,7.0,67.0,7.0,1,0,0,0,0,0,0,1,0
1707,1.0,93.0,145.0,73.0,7.7,0,1,0,0,0,0,1,0,0
1006,1.0,175.0,1.0,100.0,9.2,0,0,1,0,0,0,0,0,0
2589,1.0,79.0,37.0,83.0,8.0,0,0,0,1,0,0,0,0,0
885,1.0,117.0,33.0,53.0,6.1,0,0,0,0,0,0,1,0,0
617,1.0,109.0,433.0,58.500851788756385,6.2,0,0,0,0,0,0,0,1,0
224,1.0,111.0,7.0,58.500851788756385,6.8,0,1,0,0,0,0,0,0,0
144,1.0,100.0,138.0,49.0,6.1,0,0,0,1,0,0,1,0,0
2426,1.0,90.0,5.0,82.0,6.9,0,0,0,1,1,0,0,0,0
2716,1.0,102.0,10.0,61.0,6.5,0,0,0,1,1,0,0,0,0
1892,1.0,115.0,5.0,73.0,6.8,1,0,0,0,0,0,1,0,0
2977,1.0,154.0,26.0,50.0,7.1,1,0,0,0,0,0,1,0,0
2974,1.0,92.0,61.0,45.0,5.9,1,0,0,0,0,0,0,0,1
1151,1.0,95.0,142.0,34.0,5.6,1,0,0,0,1,0,0,0,0
388,1.0,104.0,83.0,16.0,5.5,1,0,0,0,1,0,0,0,0
2660,1.0,104.0,61.0,75.0,6.8,0,0,0,1,0,0,0,0,0
1418,1.0,140.0,275.0,53.0,6.6,0,0,0,1,1,0,0,0,0
51,1.0,115.0,3.0,81.0,6.5,0,1,0,0,0,0,0,1,0
1756,1.0,107.0,45.0,84.0,7.6,0,0,0,1,0,0,1,0,0
2864,1.0,48.0,5.0,58.500851788756385,7.8,0,0,0,0,0,1,0,0,0
2355,1.0,100.0,5.0,57.0,5.7,1,0,0,0,0,0,1,0,0
839,1.0,91.0,2.0,58.500851788756385,6.3,0,0,0,1,0,0,0,0,0
1165,1.0,93.0,15.0,58.500851788756385,5.3,0,0,0,0,1,0,0,0,0
958,1.0,118.0,29.0,60.0,6.5,0,0,0,1,0,0,0,1,0
1736,1.0,91.0,16.0,45.0,6.3,0,0,0,1,1,0,0,0,0
2636,1.0,103.0,24.0,52.0,5.8,0,0,0,0,1,0,0,0,0
721,1.0,102.0,581.0,100.0,8.5,0,0,1,0,0,0,0,1,0
764,1.0,95.0,6.0,78.0,7.3,0,1,0,0,0,0,0,1,0
1735,1.0,108.0,6.0,70.0,6.8,0,0,0,1,0,0,1,0,0
1028,1.0,100.0,162.0,97.0,8.0,0,1,0,0,0,0,0,0,0
2436,1.0,94.0,6.0,78.0,7.6,0,0,0,0,0,0,1,0,0
663,1.0,90.0,11.0,56.0,5.8,1,0,0,0,0,0,1,0,0
1845,1.0,103.0,1.0,58.500851788756385,6.9,0,1,0,0,0,0,1,0,0
2336,1.0,114.0,9.0,64.0,7.4,0,0,0,0,0,0,0,0,0
2934,1.0,94.0,27.0,54.0,6.3,0,0,0,1,0,0,1,0,0
1732,1.0,108.0,175.0,46.0,6.3,0,0,0,1,1,0,0,0,0
499,1.0,108.0,26.0,50.0,6.0,1,0,0,0,1,0,0,0,0
2016,1.0,144.0,673.0,80.0,8.0,0,0,0,1,1,0,0,0,0
513,1.0,96.0,12.0,41.0,6.2,1,0,0,0,1,0,0,0,0
2678,1.0,122.0,4.0,33.0,5.7,1,0,0,0,0,0,0,0,0
1541,1.0,122.0,1.0,58.500851788756385,6.6,0,0,0,1,0,0,0,1,0
1555,1.0,118.0,112.0,67.0,7.4,0,0,0,1,0,0,0,0,0
1959,1.0,86.0,3.0,43.0,6.6,1,0,0,0,1,0,0,0,0
1824,1.0,129.0,9.0,58.500851788756385,6.8,0,1,0,0,0,0,0,1,0
974,1.0,96.0,6.0,58.500851788756385,5.2,0,0,0,1,1,0,0,0,0
448,1.0,117.0,55.0,49.0,6.7,0,0,0,1,0,0,0,0,0
132,1.0,84.0,4.0,58.500851788756385,5.7,1,0,0,0,1,0,0,0,0
3082,1.0,93.0,5.0,60.0,6.2,0,0,0,0,0,0,1,0,0
738,1.0,149.0,254.0,86.0,8.4,0,1,0,0,0,0,0,1,0
87,1.0,108.0,101.0,61.0,6.1,0,0,0,1,1,0,0,0,0
431,1.0,97.0,53.0,63.0,6.2,0,0,0,1,1,0,0,0,0
2389,1.0,132.0,34.0,59.0,6.4,0,0,0,1,1,0,0,0,0
2124,1.0,97.0,50.0,32.0,7.2,0,0,0,1,1,0,0,0,0
2270,1.0,122.0,21.0,82.0,7.5,0,0,0,1,0,0,0,1,0
2740,1.0,95.0,3.0,72.0,7.5,0,0,0,1,0,0,0,0,0
1826,1.0,106.0,3.0,56.0,6.7,0,0,0,1,0,0,1,0,0
2752,1.0,101.0,117.0,59.0,6.7,1,0,0,0,1,0,0,0,0
852,1.0,94.0,408.0,77.0,8.0,0,0,0,0,0,0,1,0,0
1965,1.0,145.0,8.0,54.0,6.4,0,0,0,1,0,0,0,0,0
2529,1.0,105.0,30.0,16.0,3.6,0,0,0,1,0,0,0,0,1
2252,1.0,114.0,19.0,49.0,7.3,0,0,0,1,0,0,0,1,0
1706,1.0,88.0,13.0,41.0,6.2,1,0,0,0,1,0,0,0,0
2133,1.0,90.0,1.0,60.0,6.4,0,0,0,1,0,0,0,1,0
2412,1.0,118.0,4.0,52.0,6.1,0,0,0,1,1,0,0,0,0
1447,1.0,95.0,23.0,49.0,5.9,0,0,0,1,0,0,1,0,0
802,1.0,238.0,321.0,97.0,8.2,0,0,1,0,0,0,0,1,0
109,1.0,100.0,3.0,58.500851788756385,5.4,0,0,0,0,1,0,0,0,0
381,1.0,92.0,53.0,46.0,6.1,0,0,0,0,0,0,1,0,0
442,1.0,133.0,179.0,84.0,8.1,0,1,0,0,0,0,0,0,0
827,1.0,103.0,6.0,75.0,6.6,0,0,0,1,0,0,0,0,0
1650,1.0,101.0,3.0,50.0,6.0,1,0,0,0,0,0,0,1,0
2526,1.0,93.0,15.0,18.0,2.2,0,0,0,1,0,0,1,0,0
2677,1.0,94.0,358.0,84.0,7.8,0,1,0,0,0,0,1,0,0
2036,1.0,99.0,22.0,62.0,7.0,0,0,0,1,1,0,0,0,0
2012,1.0,83.0,2.0,85.0,7.9,0,1,0,0,0,0,0,0,0
2650,1.0,98.0,104.0,65.0,6.8,1,0,0,0,0,0,1,0,0
1527,1.0,113.0,185.0,79.0,7.4,0,0,0,1,0,0,1,0,0
2734,1.0,102.0,19.0,42.0,5.4,0,0,0,0,0,0,0,0,0
1472,1.0,121.0,7.0,52.0,6.1,1,0,0,0,0,0,1,0,0
2614,1.0,113.0,62.0,97.0,7.9,0,0,0,1,0,0,0,1,0
220,1.0,81.0,3.0,58.500851788756385,6.3,1,0,0,0,1,0,0,0,0
83,1.0,91.0,1.0,58.500851788756385,6.5,0,0,0,0,0,0,0,1,0
1745,1.0,97.0,17.0,65.0,6.6,1,0,0,0,0,0,1,0,0
506,1.0,107.0,32.0,38.0,5.1,0,0,0,1,0,0,0,1,0
527,1.0,88.0,35.0,83.0,7.4,0,0,0,1,0,0,1,0,0
2085,1.0,109.0,21.0,74.0,6.8,0,0,0,1,0,0,1,0,0
188,1.0,109.0,33.0,60.0,6.7,1,0,0,0,0,0,1,0,0
1747,1.0,108.0,2.0,52.0,6.1,1,0,0,0,0,0,0,1,0
3190,1.0,90.0,22.0,40.0,6.2,0,0,0,0,0,0,1,0,0
1544,1.0,107.0,222.0,75.0,7.8,0,0,1,0,0,0,0,1,0
2024,1.0,112.0,13.0,54.0,7.4,0,0,0,1,0,0,0,1,0
3305,1.0,105.0,853.0,44.0,5.1,0,0,0,0,0,0,1,0,0
2028,1.0,116.0,24.0,64.0,6.3,0,0,0,1,0,0,1,0,0
1525,1.0,121.0,49.0,64.0,6.9,0,1,0,0,1,0,0,0,0
3254,1.0,172.0,368.0,55.0,7.4,0,0,0,1,0,0,0,1,0
1757,1.0,127.0,14.0,61.0,7.3,0,0,1,0,0,0,0,1,0
977,1.0,125.0,186.0,94.0,8.3,0,0,1,0,0,0,1,0,0
1975,1.0,95.0,8.0,57.0,6.0,1,0,0,0,1,0,0,0,0
3158,1.0,87.0,112.0,74.0,6.9,0,1,0,0,0,1,0,0,0
593,1.0,100.0,538.0,58.0,5.7,0,0,0,1,0,0,0,0,0
1474,1.0,130.0,13.0,61.0,6.7,0,0,0,1,0,0,0,1,0
564,1.0,98.0,690.0,86.0,8.1,0,0,1,0,0,0,0,0,0
568,1.0,98.0,11.0,58.500851788756385,5.0,1,0,0,0,0,0,1,0,0
1620,1.0,155.0,1.0,67.0,8.5,0,0,1,0,1,0,0,0,0
2099,1.0,87.0,10.0,28.0,4.5,1,0,0,0,0,1,0,0,0
1441,1.0,110.0,37.0,42.0,6.1,0,0,1,0,0,0,1,0,0
2581,1.0,105.0,62.0,46.0,6.2,0,0,0,1,0,0,1,0,0
995,1.0,162.0,194.0,87.0,7.4,0,0,1,0,0,0,0,1,0
945,1.0,108.0,1.0,58.500851788756385,6.9,0,0,0,1,0,0,0,1,0
2524,1.0,127.0,278.0,66.0,7.6,0,0,0,1,1,0,0,0,0
1588,1.0,87.0,5.0,58.500851788756385,5.6,1,0,0,0,0,0,1,0,0
324,1.0,115.0,13.0,58.500851788756385,6.6,1,0,0,0,0,0,1,0,0
1090,1.0,86.0,39.0,57.0,6.9,0,0,0,0,0,0,1,0,0
944,1.0,147.0,229.0,49.0,7.5,0,1,0,0,0,0,0,0,0
1050,1.0,95.0,2.0,41.0,5.6,1,0,0,0,0,0,0,1,0
872,1.0,101.0,23.0,58.500851788756385,5.5,0,0,0,0,1,0,0,0,0
2458,1.0,110.0,3.0,64.0,6.3,0,0,0,1,0,0,0,1,0
1041,1.0,129.0,40.0,85.0,7.7,0,0,1,0,0,0,1,0,0
883,1.0,114.0,5.0,58.500851788756385,7.1,0,0,0,0,0,0,0,1,0
2274,1.0,90.0,17.0,49.0,5.5,1,0,0,0,0,0,1,0,0
1495,1.0,121.0,147.0,67.0,7.3,0,1,0,0,0,0,0,0,0
1492,1.0,104.0,11.0,49.0,6.1,0,0,0,1,0,0,0,0,0
856,1.0,111.0,8.0,58.500851788756385,7.3,0,0,0,1,0,0,0,0,0
2554,1.0,106.0,13.0,69.0,5.8,0,0,0,1,0,0,0,1,0
3231,1.0,90.0,2.0,68.0,6.6,0,0,0,1,0,0,0,0,0
2197,1.0,116.0,65.0,52.0,6.9,0,0,0,1,0,0,0,1,0
292,1.0,116.0,196.0,42.0,7.0,0,0,0,1,1,0,0,0,0
1888,1.0,118.0,67.0,30.0,6.6,0,0,0,0,0,0,1,0,0
552,1.0,83.0,205.0,96.0,7.6,0,1,0,0,0,1,0,0,0
797,1.0,122.0,138.0,78.0,7.8,0,0,1,0,0,0,0,0,0
927,1.0,112.0,500.0,100.0,8.5,0,1,0,0,0,0,0,0,0
489,1.0,114.0,3.0,77.0,6.9,0,0,0,1,0,0,0,1,0
894,1.0,136.0,333.0,98.0,8.3,0,1,0,0,1,0,0,0,0
2659,1.0,118.0,29.0,63.0,7.1,0,0,0,1,0,0,0,1,0
891,1.0,117.0,73.0,56.0,7.3,0,0,0,1,1,0,0,0,0
488,1.0,94.0,40.0,61.0,6.8,0,0,0,1,0,0,0,0,0
1607,1.0,120.0,35.0,30.0,6.7,0,0,0,1,0,0,1,0,0
3088,1.0,108.0,2.0,72.0,7.3,1,0,0,0,0,0,0,0,0
2148,1.0,180.0,2.0,84.0,8.1,1,0,0,0,0,0,0,0,0
1580,1.0,128.0,52.0,60.0,6.4,0,0,0,1,0,0,1,0,0
741,1.0,107.0,92.0,60.0,6.1,0,1,0,0,1,0,0,0,0
971,1.0,108.0,71.0,71.0,7.0,0,1,0,0,0,0,1,0,0
2139,1.0,96.0,165.0,74.0,7.2,0,0,0,1,0,0,0,1,0
691,1.0,127.0,207.0,43.0,7.0,0,1,0,0,0,0,0,1,0
1754,1.0,116.0,1.0,26.0,4.9,0,0,0,0,0,0,1,0,0
1781,1.0,169.0,2.0,72.0,6.7,0,0,0,1,0,0,0,1,0
1498,1.0,108.0,46.0,63.0,7.8,0,0,1,0,0,0,1,0,0
3074,1.0,115.0,47.0,84.0,7.0,0,0,0,1,0,0,0,1,0
1721,1.0,130.0,25.0,84.0,6.7,0,0,1,0,0,0,1,0,0
1000,1.0,110.0,91.0,52.0,7.1,0,0,0,1,0,0,1,0,0
2376,1.0,97.0,6.0,70.0,6.0,0,0,0,1,0,0,1,0,0
2186,1.0,113.0,265.0,56.0,6.8,1,0,0,0,1,0,0,0,0
2450,1.0,88.0,5.0,65.0,6.5,1,0,0,0,0,0,1,0,0
38,1.0,119.0,23.0,58.500851788756385,6.9,1,0,0,0,1,0,0,0,0
2594,1.0,93.0,11.0,32.0,5.3,0,0,0,1,0,0,1,0,0
2348,1.0,113.0,211.0,68.0,7.2,0,0,0,1,0,0,0,0,0
750,1.0,132.0,899.0,72.0,8.2,0,1,0,0,1,0,0,0,0
1762,1.0,113.0,116.0,87.0,7.8,0,1,0,0,0,0,0,1,0
1626,1.0,90.0,84.0,58.500851788756385,7.7,0,0,0,1,0,0,0,0,0
2484,1.0,123.0,76.0,74.0,8.0,0,1,0,0,0,0,0,0,0
866,1.0,120.0,9.0,70.0,6.4,0,0,0,1,0,0,0,0,0
504,1.0,112.0,21.0,72.0,6.8,0,1,0,0,0,0,1,0,0
1594,1.0,97.0,27.0,52.0,6.6,1,0,0,0,0,0,0,1,0
1485,1.0,101.0,214.0,31.0,5.8,0,0,0,1,1,0,0,0,0
2434,1.0,78.0,4.0,65.0,6.0,0,0,0,0,0,0,0,0,0
2841,1.0,102.0,17.0,53.0,6.4,0,0,0,1,0,0,0,1,0
1142,1.0,89.0,17.0,49.0,6.1,0,0,0,0,0,0,0,0,1
3288,1.0,89.0,3.0,69.0,8.3,1,0,0,0,0,0,0,0,0
1839,1.0,101.0,8.0,46.0,6.0,0,0,0,0,1,0,0,0,0
608,1.0,89.0,9.0,55.0,6.9,1,0,0,0,0,0,1,0,0
2363,1.0,139.0,611.0,59.0,6.3,0,0,0,1,1,0,0,0,0
706,1.0,110.0,6.0,58.500851788756385,5.3,0,0,0,1,0,0,1,0,0
2354,1.0,97.0,32.0,47.0,6.4,0,0,0,0,0,0,1,0,0
2053,1.0,102.0,225.0,63.0,7.1,1,0,0,0,1,0,0,0,0
241,1.0,101.0,19.0,72.0,5.9,1,0,0,0,0,0,0,0,0
884,1.0,129.0,117.0,73.0,8.1,0,0,1,0,0,0,1,0,0
720,1.0,89.0,5.0,15.0,5.0,0,0,0,1,0,0,1,0,0
137,1.0,139.0,44.0,55.0,6.9,0,1,0,0,1,0,0,0,0
363,1.0,102.0,72.0,34.0,4.0,1,0,0,0,1,0,0,0,0
1970,1.0,101.0,34.0,64.0,6.4,0,0,0,1,0,0,1,0,0
1805,1.0,100.0,16.0,76.0,6.5,0,0,0,1,0,0,1,0,0
2324,1.0,176.0,7.0,58.500851788756385,7.6,0,0,0,1,0,0,0,1,0
1875,1.0,101.0,4.0,58.500851788756385,5.9,1,0,0,0,0,0,0,1,0
1550,1.0,114.0,43.0,77.0,7.1,0,0,0,0,1,0,0,0,0
924,1.0,115.0,983.0,85.0,8.4,0,0,1,0,1,0,0,0,0
3118,1.0,103.0,14.0,67.0,7.0,0,0,0,1,0,0,0,0,0
2077,1.0,123.0,82.0,64.0,7.6,0,0,0,1,0,0,0,0,0
1600,1.0,114.0,863.0,58.500851788756385,6.8,0,0,0,1,0,0,1,0,0
761,1.0,88.0,467.0,58.500851788756385,6.3,0,0,0,0,0,0,0,0,0
1488,1.0,93.0,78.0,31.0,5.3,0,0,0,1,1,0,0,0,0
135,1.0,105.0,6.0,53.0,6.8,0,0,0,1,0,0,1,0,0
18,1.0,90.0,223.0,45.0,6.4,0,0,0,1,1,0,0,0,0
1711,1.0,120.0,46.0,56.0,7.5,0,1,0,0,0,0,1,0,0
1218,1.0,116.0,70.0,50.0,6.2,0,0,0,1,1,0,0,0,0
396,1.0,121.0,147.0,80.0,7.8,0,0,0,1,0,0,0,0,0
1719,1.0,99.0,100.0,84.0,7.6,0,0,0,1,0,0,0,0,0
2315,1.0,95.0,106.0,61.0,6.8,0,0,0,1,0,1,0,0,0
1587,1.0,110.0,21.0,82.0,7.1,0,1,0,0,0,0,1,0,0
588,1.0,93.0,23.0,47.0,5.8,0,0,0,1,0,0,1,0,0
1932,1.0,97.0,18.0,16.0,4.3,0,0,0,1,0,0,0,0,1
913,1.0,90.0,651.0,58.500851788756385,6.7,0,0,0,0,0,0,0,0,0
623,1.0,118.0,789.0,58.500851788756385,6.7,1,0,0,0,0,0,0,1,0
2235,1.0,118.0,25.0,65.0,7.4,0,0,0,1,0,0,0,0,0
3015,1.0,116.0,104.0,31.0,5.5,0,0,0,1,0,0,1,0,0
712,1.0,132.0,204.0,84.0,7.9,0,1,0,0,0,0,0,1,0
2968,1.0,81.0,12.0,71.0,6.7,0,0,0,1,0,0,1,0,0
2501,1.0,99.0,2.0,54.0,6.7,0,0,0,0,0,0,1,0,0
36,1.0,106.0,1.0,71.0,6.8,0,0,0,1,0,0,0,1,0
460,1.0,97.0,61.0,76.0,7.5,0,0,0,1,0,0,0,0,0
3297,1.0,90.0,1.0,53.0,6.6,1,0,0,0,0,0,1,0,0
660,1.0,105.0,280.0,58.500851788756385,7.2,1,0,0,0,0,0,0,0,0
2764,1.0,90.0,1.0,63.0,7.1,0,0,0,1,0,0,0,0,0
1982,1.0,101.0,10.0,62.0,6.7,0,0,0,1,0,0,0,0,0
1908,1.0,119.0,505.0,46.0,6.6,0,0,0,1,0,0,1,0,0
540,1.0,97.0,2.0,58.500851788756385,6.0,0,0,0,0,0,0,1,0,0
2617,1.0,119.0,51.0,71.0,7.1,0,0,0,1,0,0,0,1,0
2091,1.0,114.0,45.0,70.0,7.0,0,1,0,0,1,0,0,0,0
1608,1.0,90.0,14.0,56.0,6.6,1,0,0,0,0,0,0,1,0
2361,1.0,107.0,7.0,18.0,4.6,0,0,0,0,0,0,1,0,0
2979,1.0,82.0,20.0,18.0,4.1,1,0,0,0,0,0,0,0,1
904,1.0,229.0,359.0,75.0,8.3,0,0,0,1,0,0,0,0,0
1654,1.0,96.0,18.0,63.0,5.8,1,0,0,0,0,0,1,0,0
915,1.0,123.0,81.0,41.0,6.4,0,0,0,1,0,0,0,1,0
2710,1.0,93.0,189.0,60.0,6.8,0,0,0,1,0,1,0,0,0
2507,1.0,98.0,10.0,56.0,6.6,0,0,0,1,0,0,1,0,0
1613,1.0,97.0,6.0,65.0,6.1,1,0,0,0,0,0,0,1,0
393,1.0,101.0,7.0,58.500851788756385,6.4,0,0,1,0,0,0,0,1,0
1185,1.0,106.0,81.0,25.0,5.1,0,0,0,1,1,0,0,0,0
3157,1.0,144.0,14.0,82.0,7.9,0,0,0,1,0,0,0,0,0
1456,1.0,194.0,1.0,75.0,7.9,0,0,1,0,0,0,0,1,0
2382,1.0,96.0,5.0,49.0,7.0,1,0,0,0,0,0,0,1,0
1937,1.0,89.0,299.0,52.0,7.5,0,0,0,0,0,0,0,0,0
740,1.0,114.0,74.0,47.0,5.9,0,1,0,0,1,0,0,0,0
1546,1.0,107.0,6.0,58.500851788756385,7.0,0,1,0,0,0,0,1,0,0
2281,1.0,124.0,98.0,61.0,7.4,1,0,0,0,0,0,0,1,0
1499,1.0,115.0,72.0,52.0,6.1,0,0,0,1,1,0,0,0,0
998,1.0,89.0,77.0,55.0,6.8,0,0,0,1,0,0,0,0,1
1034,1.0,128.0,144.0,64.0,6.6,0,0,0,1,1,0,0,0,0
493,1.0,195.0,1.0,95.0,9.0,0,0,1,0,0,0,0,0,0
252,1.0,111.0,6.0,58.500851788756385,6.4,1,0,0,0,0,0,0,1,0
2182,1.0,120.0,14.0,82.0,7.0,0,1,0,0,1,0,0,0,0
142,1.0,83.0,9.0,54.0,6.6,1,0,0,0,0,0,1,0,0
543,1.0,90.0,23.0,54.0,6.2,1,0,0,0,0,0,1,0,0
1658,1.0,94.0,39.0,69.0,6.7,0,0,0,1,0,0,1,0,0
3173,1.0,95.0,23.0,44.0,6.1,0,0,0,0,0,0,1,0,0
63,1.0,85.0,3.0,58.500851788756385,6.1,1,0,0,0,0,0,1,0,0
1795,1.0,109.0,21.0,71.0,6.7,1,0,0,0,1,0,0,0,0
979,1.0,115.0,36.0,56.0,6.2,0,0,0,1,0,0,0,0,0
2239,1.0,95.0,12.0,8.0,3.4,0,0,0,0,0,0,1,0,0
94,1.0,96.0,5.0,58.500851788756385,3.8,0,0,0,1,0,0,1,0,0
2323,1.0,116.0,16.0,70.0,6.7,0,0,0,1,0,0,0,0,0
1731,1.0,88.0,24.0,62.0,6.7,0,0,0,1,0,0,1,0,0
2103,1.0,88.0,30.0,57.0,7.0,0,0,0,1,0,0,0,0,0
26,1.0,102.0,31.0,50.0,6.8,1,0,0,0,0,0,1,0,0
189,1.0,100.0,48.0,52.0,5.5,0,0,0,0,1,0,0,0,0
512,1.0,104.0,59.0,35.0,4.1,1,0,0,0,1,0,0,0,0
92,1.0,111.0,21.0,62.0,6.2,1,0,0,0,0,0,0,0,0
3003,1.0,93.0,38.0,22.0,4.9,1,0,0,0,1,0,0,0,0
2494,1.0,91.0,40.0,25.0,5.2,1,0,0,0,0,0,1,0,0
709,1.0,87.0,15.0,36.0,5.4,0,0,0,0,0,0,1,0,0
1770,1.0,110.0,18.0,65.0,6.7,0,0,0,1,0,0,0,0,0
2304,1.0,86.0,6.0,66.0,5.9,1,0,0,0,0,0,1,0,0
2316,1.0,100.0,3.0,69.0,7.3,0,0,0,0,0,0,0,0,0
2512,1.0,86.0,3.0,79.0,7.2,0,0,0,1,0,0,0,0,0
119,1.0,95.0,13.0,33.0,5.3,1,0,0,0,0,0,0,0,0
874,1.0,96.0,15.0,58.500851788756385,7.4,0,0,1,0,0,0,1,0,0
3196,1.0,88.0,625.0,63.0,6.2,0,0,0,1,0,0,0,0,0
1741,1.0,114.0,35.0,50.0,6.0,1,0,0,0,1,0,0,0,0
3055,1.0,90.0,1.0,68.0,6.5,0,0,0,1,0,0,0,0,0
122,1.0,92.0,25.0,39.0,6.1,0,0,0,0,0,0,1,0,0
969,1.0,96.0,876.0,58.500851788756385,5.8,0,0,0,1,0,0,0,1,0
402,1.0,113.0,134.0,60.0,6.5,0,1,0,0,1,0,0,0,0
2491,1.0,94.0,257.0,58.500851788756385,4.6,0,0,0,0,0,0,0,0,0
742,1.0,121.0,99.0,62.0,7.5,0,0,0,1,1,0,0,0,0
1849,1.0,106.0,52.0,38.0,4.4,0,0,0,1,0,0,1,0,0
1553,1.0,135.0,76.0,69.0,7.8,0,1,0,0,0,0,0,0,0
1753,1.0,107.0,257.0,64.0,7.2,0,0,0,1,0,0,0,0,0
996,1.0,116.0,49.0,32.0,5.9,0,0,0,1,1,0,0,0,0
1440,1.0,94.0,17.0,44.0,5.9,0,0,0,0,0,0,1,0,0
190,1.0,93.0,3.0,70.0,6.7,0,1,0,0,0,0,1,0,0
434,1.0,95.0,1.0,58.500851788756385,5.2,0,0,0,0,0,0,1,0,0
2380,1.0,88.0,1.0,63.0,6.4,1,0,0,0,0,0,0,1,0
1444,1.0,92.0,10.0,27.0,4.8,0,0,0,1,0,0,1,0,0
1722,1.0,115.0,90.0,55.0,6.5,0,1,0,0,0,0,0,1,0
1952,1.0,92.0,34.0,45.0,4.7,0,0,0,0,1,0,0,0,0
349,1.0,99.0,61.0,48.0,5.9,0,0,0,1,1,0,0,0,0
1260,1.0,97.0,4.0,66.0,6.4,1,0,0,0,0,0,1,0,0
428,1.0,83.0,2.0,58.500851788756385,5.7,0,0,0,1,0,0,1,0,0
880,1.0,128.0,1.0,58.500851788756385,7.1,0,0,0,1,0,0,0,1,0
343,1.0,99.0,51.0,67.0,6.6,0,0,0,1,0,0,1,0,0
2522,1.0,97.0,2.0,64.0,6.2,0,0,0,1,0,0,0,1,0
1761,1.0,105.0,12.0,87.0,7.1,0,0,0,1,0,0,0,0,0
409,1.0,103.0,190.0,80.0,7.6,0,0,0,1,0,0,1,0,0
871,1.0,102.0,162.0,72.0,7.0,0,0,0,1,0,0,1,0,0
785,1.0,102.0,9.0,58.500851788756385,6.1,0,0,0,0,0,0,0,1,0
735,1.0,104.0,27.0,58.500851788756385,5.4,1,0,0,0,1,0,0,0,0
2285,1.0,87.0,66.0,41.0,6.2,1,0,0,0,0,1,0,0,0
2573,1.0,108.0,49.0,45.0,6.2,0,0,0,0,0,0,1,0,0
60,1.0,96.0,6.0,30.0,5.2,0,0,0,0,0,0,1,0,0
104,1.0,114.0,1.0,58.500851788756385,7.2,0,0,0,1,0,0,0,1,0
1082,1.0,93.0,699.0,83.0,8.1,0,1,0,0,0,0,0,1,0
2531,1.0,84.0,22.0,37.0,4.8,1,0,0,0,1,0,0,0,0
1072,1.0,113.0,2.0,58.500851788756385,4.8,1,0,0,0,0,0,0,0,0
153,1.0,116.0,577.0,58.500851788756385,6.2,0,0,0,0,0,0,0,0,0
485,1.0,104.0,51.0,40.0,4.1,1,0,0,0,1,0,0,0,0
1893,1.0,90.0,1.0,33.0,5.6,0,0,0,0,0,0,1,0,0
454,1.0,98.0,7.0,58.500851788756385,5.5,0,0,0,0,0,0,1,0,0
477,1.0,99.0,18.0,53.0,6.5,0,0,0,0,0,0,0,0,0
437,1.0,100.0,5.0,58.500851788756385,4.6,0,0,0,0,0,0,1,0,0
1865,1.0,97.0,16.0,42.0,6.4,1,0,0,0,1,0,0,0,0
1801,1.0,115.0,27.0,62.0,7.0,0,1,0,0,1,0,0,0,0
288,1.0,95.0,2.0,54.0,5.3,1,0,0,0,0,0,1,0,0
1547,1.0,117.0,11.0,58.500851788756385,6.8,0,0,0,0,0,0,0,1,0
2994,1.0,87.0,48.0,53.0,5.3,0,0,0,1,0,0,1,0,0
1477,1.0,121.0,8.0,38.0,6.8,0,1,0,0,0,0,0,1,0
237,1.0,82.0,2.0,58.500851788756385,4.7,0,0,0,0,0,0,1,0,0
947,1.0,96.0,53.0,58.500851788756385,7.7,0,0,0,0,0,0,0,0,0
2898,1.0,100.0,43.0,65.0,6.3,0,0,0,1,0,0,1,0,0
2331,1.0,109.0,49.0,31.0,5.7,0,0,0,1,0,0,0,0,0
2318,1.0,115.0,32.0,62.0,6.6,0,0,0,1,1,0,0,0,0
582,1.0,82.0,6.0,58.500851788756385,5.5,1,0,0,0,0,1,0,0,0
1850,1.0,76.0,194.0,58.500851788756385,6.7,0,0,0,0,0,0,0,0,0
1168,1.0,95.0,714.0,62.0,6.7,0,0,0,1,1,0,0,0,0
1177,1.0,92.0,81.0,53.0,5.5,0,0,0,1,1,0,0,0,0
719,1.0,91.0,297.0,58.500851788756385,7.6,0,0,0,1,0,0,0,0,0
3253,1.0,97.0,4.0,67.0,7.2,0,0,0,1,0,0,0,0,0
3080,1.0,116.0,6.0,54.0,5.7,1,0,0,0,0,0,0,1,0
2978,1.0,74.0,20.0,52.0,7.5,0,0,0,0,0,0,0,0,0
2390,1.0,101.0,125.0,86.0,7.7,0,0,0,1,0,0,0,0,0
3170,1.0,91.0,267.0,47.0,7.0,0,0,0,1,0,1,0,0,0
2259,1.0,90.0,21.0,59.0,6.2,1,0,0,0,1,0,0,0,0
233,1.0,94.0,49.0,40.0,6.0,1,0,0,0,1,0,0,0,0
219,1.0,101.0,12.0,58.500851788756385,6.5,0,0,0,1,0,0,1,0,0
2222,1.0,118.0,5.0,74.0,6.8,0,0,0,1,0,0,0,1,0
305,1.0,98.0,33.0,41.0,5.6,1,0,0,0,0,0,0,0,1
47,1.0,97.0,356.0,58.500851788756385,5.0,0,0,0,0,1,0,0,0,0
407,1.0,108.0,4.0,58.500851788756385,5.6,0,0,0,1,0,0,0,1,0
3289,1.0,95.0,43.0,79.0,7.2,0,1,0,0,0,0,0,0,0
957,1.0,131.0,1.0,58.0,8.3,0,1,0,0,1,0,0,0,0
526,1.0,116.0,132.0,44.0,6.4,0,0,0,1,1,0,0,0,0
215,1.0,103.0,20.0,72.0,7.0,0,0,0,1,0,0,0,1,0
2204,1.0,90.0,22.0,45.0,6.4,1,0,0,0,0,0,0,0,0
2112,1.0,76.0,8.0,84.0,6.8,0,0,0,1,0,0,0,1,0
1528,1.0,89.0,101.0,51.0,6.9,0,0,0,1,0,1,0,0,0
1786,1.0,92.0,20.0,36.0,4.3,0,0,0,1,0,1,0,0,0
1891,1.0,99.0,8.0,41.0,6.0,1,0,0,0,1,0,0,0,0
1067,1.0,102.0,408.0,92.0,8.1,0,0,1,0,1,0,0,0,0
644,1.0,91.0,10.0,34.0,5.3,0,0,0,0,0,0,1,0,0
673,1.0,160.0,408.0,88.0,8.4,0,0,1,0,0,0,0,0,0
1772,1.0,99.0,147.0,53.0,7.2,0,0,0,1,1,0,0,0,0
378,1.0,94.0,103.0,61.0,6.8,0,1,0,0,0,0,1,0,0
2459,1.0,107.0,11.0,39.0,5.8,0,0,0,1,0,0,0,1,0
1621,1.0,114.0,4.0,33.0,5.5,1,0,0,0,1,0,0,0,0
1921,1.0,122.0,284.0,90.0,7.9,0,0,1,0,1,0,0,0,0
234,1.0,100.0,25.0,66.0,6.2,0,0,0,0,0,0,1,0,0
1479,1.0,107.0,74.0,31.0,6.3,1,0,0,0,1,0,0,0,0
648,1.0,104.0,20.0,56.0,6.5,1,0,0,0,0,0,1,0,0
1665,1.0,85.0,447.0,70.0,7.0,0,0,0,1,0,0,0,0,0
833,1.0,80.0,13.0,58.500851788756385,5.5,0,0,0,1,0,0,1,0,0
2600,1.0,93.0,8.0,49.0,5.7,1,0,0,0,0,0,1,0,0
1825,1.0,104.0,629.0,64.0,7.3,0,0,0,1,1,0,0,0,0
2052,1.0,104.0,128.0,38.0,5.1,0,0,0,1,1,0,0,0,0
2709,1.0,86.0,128.0,72.0,6.9,0,0,0,1,1,0,0,0,0
2584,1.0,105.0,73.0,36.0,6.7,1,0,0,0,1,0,0,0,0
1993,1.0,92.0,40.0,32.0,4.8,0,0,0,1,1,0,0,0,0
77,1.0,108.0,427.0,58.500851788756385,5.7,1,0,0,0,0,0,1,0,0
328,1.0,91.0,83.0,38.0,5.0,0,0,0,1,0,0,1,0,0
502,1.0,106.0,5.0,58.500851788756385,6.3,1,0,0,0,0,0,1,0,0
930,1.0,99.0,1.0,81.0,8.3,0,0,0,1,0,0,0,0,0
315,1.0,106.0,40.0,63.0,7.2,0,0,0,1,0,0,1,0,0
1490,1.0,95.0,2.0,35.0,4.2,0,0,0,0,1,0,0,0,0
22,1.0,133.0,85.0,58.500851788756385,6.3,0,0,0,1,1,0,0,0,0
2392,1.0,129.0,377.0,85.0,6.9,0,0,0,1,0,0,1,0,0
954,1.0,81.0,39.0,25.0,5.3,0,0,0,0,1,0,0,0,0
1862,1.0,116.0,12.0,66.0,6.1,1,0,0,0,1,0,0,0,0
2482,1.0,106.0,1.0,58.500851788756385,7.5,0,0,0,1,0,0,0,0,0
2775,1.0,72.0,11.0,58.500851788756385,7.4,0,0,0,0,0,1,0,0,0
634,1.0,90.0,6.0,58.500851788756385,6.7,1,0,0,0,0,0,1,0,0
1748,1.0,103.0,4.0,58.500851788756385,5.1,0,0,0,0,0,0,1,0,0
457,1.0,107.0,26.0,52.0,6.4,0,0,0,1,0,0,0,0,0
510,1.0,102.0,44.0,36.0,5.8,0,0,0,0,1,0,0,0,0
32,1.0,122.0,97.0,80.0,7.5,0,0,1,0,0,0,0,0,0
271,1.0,102.0,35.0,77.0,7.9,0,0,0,1,0,0,0,0,0
1859,1.0,93.0,18.0,62.0,6.9,0,0,0,1,0,0,1,0,0
792,1.0,107.0,219.0,52.0,6.3,0,0,0,1,1,0,0,0,0
3132,1.0,97.0,4.0,50.0,5.6,0,0,0,1,0,0,0,0,1
674,1.0,88.0,3.0,58.500851788756385,5.8,0,0,0,0,0,0,0,1,0
2821,1.0,102.0,130.0,36.0,5.7,1,0,0,0,0,0,1,0,0
1071,1.0,93.0,32.0,33.0,5.8,1,0,0,0,0,0,0,0,0
2545,1.0,107.0,80.0,57.0,6.5,0,0,0,1,0,0,1,0,0
2441,1.0,99.0,21.0,53.0,5.9,1,0,0,0,0,0,1,0,0
2048,1.0,93.0,6.0,83.0,7.4,0,0,0,1,0,0,0,0,0
1746,1.0,97.0,4.0,73.0,7.3,0,0,0,1,0,0,0,1,0
337,1.0,123.0,17.0,58.500851788756385,6.1,0,0,0,1,0,0,0,1,0
1894,1.0,99.0,1.0,39.0,5.6,0,0,0,1,0,0,1,0,0
2156,1.0,124.0,27.0,43.0,5.9,0,0,0,0,0,0,1,0,0
2417,1.0,88.0,25.0,55.0,6.7,0,0,0,1,0,0,1,0,0
2596,1.0,100.0,34.0,52.0,6.2,1,0,0,0,0,0,0,1,0
955,1.0,134.0,36.0,58.500851788756385,7.5,0,0,0,1,0,0,0,1,0
941,1.0,103.0,247.0,99.0,8.3,0,1,0,0,0,0,1,0,0
798,1.0,100.0,3.0,58.500851788756385,5.6,0,0,0,0,0,0,1,0,0
429,1.0,94.0,2.0,46.0,5.0,0,0,0,0,0,0,1,0,0
35,1.0,97.0,228.0,68.0,6.9,0,0,0,1,0,0,1,0,0
318,1.0,104.0,52.0,70.0,7.5,0,0,1,0,0,0,1,0,0
1257,1.0,90.0,21.0,32.0,5.1,1,0,0,0,0,0,0,1,0
416,1.0,88.0,4.0,62.0,7.2,1,0,0,0,0,0,1,0,0
184,1.0,145.0,75.0,66.0,7.2,0,0,0,1,0,0,0,0,0
149,1.0,104.0,190.0,55.0,7.1,0,0,0,1,1,0,0,0,0
1093,1.0,134.0,22.0,84.0,7.6,0,0,1,0,0,0,1,0,0
908,1.0,71.0,16.0,82.0,8.2,0,0,0,1,0,0,0,0,0
1604,1.0,98.0,3.0,44.0,5.1,0,0,0,1,0,0,1,0,0
1007,1.0,202.0,1.0,90.0,9.0,0,0,1,0,0,0,0,0,0
814,1.0,105.0,5.0,75.0,6.7,0,0,0,1,0,0,0,1,0
2941,1.0,128.0,8.0,76.0,7.3,1,0,0,0,0,0,0,1,0
1095,1.0,97.0,59.0,32.0,6.4,1,0,0,0,1,0,0,0,0
1634,1.0,115.0,22.0,52.0,6.7,0,0,0,1,0,0,0,1,0
774,1.0,142.0,151.0,47.0,6.2,1,0,0,0,1,0,0,0,0
650,1.0,149.0,683.0,84.0,8.3,0,0,1,0,1,0,0,0,0
1827,1.0,105.0,4.0,14.0,4.6,0,0,0,0,0,0,0,1,0
1687,1.0,117.0,28.0,57.0,6.3,1,0,0,0,0,0,0,0,0
1524,1.0,108.0,34.0,65.0,6.9,0,0,0,1,0,0,0,0,0
244,1.0,97.0,35.0,83.0,7.6,0,1,0,0,0,0,0,1,0
40,1.0,110.0,180.0,44.0,6.0,0,0,0,1,1,0,0,0,0
59,1.0,89.0,58.0,53.0,6.5,1,0,0,0,0,0,1,0,0
2149,1.0,108.0,47.0,75.0,7.0,0,0,0,1,0,0,1,0,0
816,1.0,137.0,30.0,83.0,7.5,0,0,1,0,0,0,0,0,0
594,1.0,116.0,56.0,77.0,6.6,0,0,0,1,1,0,0,0,0
1035,1.0,130.0,97.0,79.0,7.3,0,1,0,0,0,0,0,0,0
2055,1.0,122.0,16.0,50.0,6.3,0,0,0,1,0,0,0,0,0
1060,1.0,107.0,882.0,84.0,8.1,0,0,0,1,1,0,0,0,0
103,1.0,108.0,9.0,58.500851788756385,6.1,0,0,0,0,0,0,0,0,0
2475,1.0,95.0,825.0,58.500851788756385,6.4,0,0,0,1,0,0,1,0,0
93,1.0,91.0,79.0,67.0,6.9,0,0,0,1,0,0,1,0,0
474,1.0,125.0,247.0,66.0,7.7,0,0,1,0,0,0,0,1,0
781,1.0,120.0,964.0,58.500851788756385,6.0,0,0,0,1,0,0,0,0,0
2760,1.0,106.0,632.0,62.0,6.9,0,1,0,0,0,0,1,0,0
1582,1.0,96.0,19.0,74.0,6.9,0,0,0,1,0,0,1,0,0
2539,1.0,93.0,18.0,64.0,6.4,0,0,0,1,0,0,1,0,0
2295,1.0,78.0,4.0,70.0,7.8,0,0,0,1,0,0,1,0,0
3275,1.0,102.0,5.0,64.0,7.1,0,0,0,1,0,0,0,1,0
1595,1.0,125.0,67.0,64.0,7.4,0,1,0,0,0,0,0,0,0
521,1.0,119.0,232.0,59.0,7.9,0,0,0,1,0,0,0,0,0
2582,1.0,111.0,3.0,25.0,5.8,1,0,0,0,0,0,0,1,0
2496,1.0,96.0,151.0,37.0,5.4,0,0,0,1,0,0,1,0,0
1051,1.0,98.0,19.0,43.0,4.4,0,0,0,1,0,0,1,0,0
2397,1.0,90.0,11.0,17.0,3.6,0,0,0,0,1,0,0,0,0
865,1.0,134.0,617.0,58.500851788756385,7.0,0,0,0,1,0,0,0,1,0
228,1.0,170.0,27.0,98.0,8.3,0,1,0,0,0,0,0,0,0
2041,1.0,72.0,630.0,51.0,6.1,0,0,0,1,0,0,0,0,0
796,1.0,100.0,109.0,82.0,7.7,0,1,0,0,0,0,0,0,0
960,1.0,129.0,4.0,30.0,5.3,1,0,0,0,0,0,0,1,0
988,1.0,113.0,15.0,45.0,6.0,1,0,0,0,0,0,0,0,0
1450,1.0,97.0,16.0,70.0,7.1,0,1,0,0,1,0,0,0,0
2627,1.0,73.0,8.0,63.0,6.5,1,0,0,0,0,0,0,0,0
2174,1.0,104.0,23.0,55.0,6.3,0,0,0,0,1,0,0,0,0
1548,1.0,167.0,94.0,93.0,8.0,0,0,0,1,0,0,0,1,0
536,1.0,100.0,6.0,66.0,6.3,0,0,0,1,0,0,1,0,0
2629,1.0,99.0,5.0,53.0,6.3,0,0,0,0,0,0,0,0,0
759,1.0,115.0,419.0,91.0,7.9,0,0,1,0,1,0,0,0,0
906,1.0,99.0,1.0,58.500851788756385,5.7,0,0,0,0,1,0,0,0,0
193,1.0,177.0,201.0,56.0,6.3,0,1,0,0,1,0,0,0,0
548,1.0,181.0,275.0,72.0,8.0,0,0,1,0,1,0,0,0,0
468,1.0,107.0,32.0,36.0,4.5,0,0,0,1,1,0,0,0,0
358,1.0,91.0,520.0,58.500851788756385,7.2,0,0,0,0,0,0,0,1,0
2761,1.0,94.0,10.0,43.0,6.7,0,0,0,0,0,0,1,0,0
881,1.0,91.0,550.0,91.0,8.2,0,0,0,1,1,0,0,0,0
1063,1.0,93.0,175.0,97.0,8.1,0,0,1,0,0,0,0,0,0
447,1.0,127.0,1.0,68.0,8.2,0,0,1,0,1,0,0,0,0
2260,1.0,106.0,32.0,72.0,7.0,0,0,0,1,0,0,1,0,0
2359,1.0,99.0,35.0,56.0,7.1,0,0,0,1,0,0,1,0,0
8,1.0,111.0,35.0,58.500851788756385,5.8,0,0,0,0,1,0,0,0,0
211,1.0,102.0,2.0,58.500851788756385,4.5,0,0,0,0,0,0,0,0,0
2523,1.0,88.0,90.0,43.0,6.7,0,0,0,1,0,0,1,0,0
151,1.0,128.0,395.0,58.0,7.6,0,0,0,1,1,0,0,0,0
289,1.0,90.0,25.0,70.0,6.4,0,0,0,1,0,1,0,0,0
3279,1.0,105.0,93.0,40.0,6.4,1,0,0,0,1,0,0,0,0
701,1.0,105.0,219.0,58.500851788756385,4.8,0,0,0,0,0,0,0,0,0
3181,1.0,120.0,831.0,58.500851788756385,6.8,0,0,0,1,0,0,0,1,0
7,1.0,97.0,11.0,58.500851788756385,5.5,0,0,0,1,1,0,0,0,0
861,1.0,105.0,1.0,58.500851788756385,5.1,0,0,0,0,0,0,1,0,0
2704,1.0,109.0,49.0,58.0,5.1,0,0,0,1,0,0,0,0,0
1818,1.0,85.0,36.0,39.0,6.7,0,0,0,1,0,0,1,0,0
3271,1.0,107.0,429.0,58.500851788756385,5.9,0,0,0,0,0,0,0,0,0
2171,1.0,90.0,7.0,73.0,7.5,0,0,0,1,0,0,0,1,0
400,1.0,116.0,20.0,43.0,5.6,1,0,0,0,0,0,1,0,0
3120,1.0,106.0,3.0,66.0,7.1,0,0,0,1,0,0,0,0,0
1734,1.0,115.0,49.0,70.0,7.0,0,1,0,0,0,0,0,0,0
1481,1.0,99.0,10.0,46.0,5.4,0,0,0,0,1,0,0,0,0
2215,1.0,121.0,519.0,81.0,7.8,0,0,0,1,1,0,0,0,0
2422,1.0,102.0,89.0,54.0,7.1,0,0,0,1,0,0,1,0,0
438,1.0,111.0,82.0,53.0,7.2,0,0,0,1,0,0,1,0,0
3108,1.0,86.0,1.0,59.0,7.4,1,0,0,0,0,0,0,0,0
212,1.0,103.0,25.0,72.0,7.2,1,0,0,0,0,0,0,1,0
3262,1.0,70.0,1.0,58.500851788756385,8.0,0,0,0,0,0,0,0,0,0
406,1.0,102.0,8.0,58.500851788756385,5.9,0,0,0,0,1,0,0,0,0
1635,1.0,89.0,3.0,21.0,5.2,0,0,0,0,0,0,1,0,0
1918,1.0,98.0,23.0,70.0,6.2,0,0,0,1,0,0,0,1,0
641,1.0,107.0,18.0,51.0,6.3,0,0,0,1,0,0,0,0,0
829,1.0,119.0,1.0,58.500851788756385,6.1,0,0,0,0,0,0,0,0,0
1563,1.0,122.0,5.0,58.500851788756385,5.6,0,0,0,1,0,0,0,1,0
2407,1.0,120.0,153.0,45.0,7.3,1,0,0,0,0,0,0,0,0
2424,1.0,77.0,31.0,60.0,6.4,0,0,0,1,0,0,0,0,1
914,1.0,89.0,950.0,58.500851788756385,4.0,0,0,0,0,0,0,1,0,0
2682,1.0,128.0,7.0,80.0,7.4,0,0,0,1,0,0,0,1,0
1057,1.0,94.0,6.0,58.500851788756385,4.2,0,0,0,1,1,0,0,0,0
2017,1.0,108.0,192.0,77.0,6.4,0,0,1,0,0,1,0,0,0
320,1.0,139.0,40.0,62.0,7.2,0,0,0,1,0,0,0,1,0
1083,1.0,95.0,16.0,76.0,7.1,1,0,0,0,0,0,1,0,0
247,1.0,133.0,172.0,45.0,7.5,0,0,1,0,0,0,0,1,0
753,1.0,95.0,498.0,97.0,8.4,0,1,0,0,0,0,1,0,0
1886,1.0,126.0,36.0,55.0,6.6,0,0,1,0,0,0,0,0,0
1094,1.0,86.0,3.0,67.0,6.7,1,0,0,0,0,0,1,0,0
2022,1.0,136.0,301.0,52.0,6.9,0,0,0,1,0,0,1,0,0
226,1.0,90.0,964.0,58.500851788756385,6.0,0,0,0,0,0,1,0,0,0
841,1.0,114.0,87.0,43.0,6.9,0,0,0,0,0,0,1,0,0
2263,1.0,117.0,1.0,75.0,6.2,0,0,0,1,0,0,0,1,0
799,1.0,93.0,4.0,58.500851788756385,6.0,0,0,0,1,1,0,0,0,0
1037,1.0,112.0,71.0,96.0,7.9,0,0,1,0,0,0,1,0,0
1026,1.0,121.0,82.0,44.0,6.8,1,0,0,0,1,0,0,0,0
1972,1.0,109.0,513.0,84.0,7.9,0,1,0,0,1,0,0,0,0
1717,1.0,132.0,263.0,74.0,8.2,1,0,0,0,0,0,0,1,0
165,1.0,93.0,6.0,58.500851788756385,5.3,0,0,0,0,0,0,1,0,0
765,1.0,110.0,505.0,58.500851788756385,6.3,0,0,0,0,0,0,0,0,0
786,1.0,102.0,29.0,61.0,6.8,0,0,0,1,0,0,0,0,0
2338,1.0,82.0,2.0,54.0,6.0,0,0,0,1,0,0,1,0,0
1670,1.0,100.0,1.0,58.500851788756385,6.1,0,0,0,1,0,0,1,0,0
545,1.0,127.0,224.0,52.0,7.1,0,0,1,0,0,0,0,1,0
342,1.0,112.0,14.0,70.0,6.6,0,1,0,0,0,0,1,0,0
2933,1.0,92.0,106.0,72.0,7.0,0,1,0,0,0,1,0,0,0
1763,1.0,109.0,7.0,70.0,6.8,0,0,0,1,0,0,0,0,0
1204,1.0,104.0,645.0,85.0,7.8,0,0,1,0,0,0,0,0,1
2658,1.0,122.0,57.0,55.0,6.8,0,0,0,1,0,0,0,1,0
473,1.0,138.0,83.0,71.0,7.5,0,0,0,1,0,0,0,0,0
667,1.0,109.0,5.0,58.500851788756385,5.7,1,0,0,0,1,0,0,0,0
1775,1.0,94.0,17.0,29.0,5.4,1,0,0,0,0,0,1,0,0
675,1.0,98.0,933.0,58.500851788756385,7.8,0,0,1,0,0,0,0,0,0
1636,1.0,81.0,9.0,7.0,5.6,0,0,0,0,0,0,1,0,0
2351,1.0,85.0,104.0,54.0,6.2,0,0,0,1,0,0,0,0,1
2166,1.0,118.0,13.0,59.0,7.7,0,0,0,0,0,0,0,0,0
1598,1.0,116.0,84.0,62.0,6.6,0,0,1,0,1,0,0,0,0
2332,1.0,105.0,241.0,62.0,6.8,0,0,0,1,0,0,0,0,0
2173,1.0,120.0,73.0,66.0,7.2,0,0,0,1,0,0,1,0,0
2819,1.0,139.0,2.0,58.500851788756385,4.4,1,0,0,0,1,0,0,0,0
1778,1.0,96.0,9.0,69.0,7.6,0,0,0,1,0,0,0,1,0
28,1.0,99.0,54.0,47.0,6.5,0,0,0,1,0,0,0,0,0
2563,1.0,112.0,21.0,55.0,6.7,1,0,0,0,0,0,0,1,0
1784,1.0,116.0,244.0,49.0,6.6,0,0,0,1,0,0,1,0,0
2579,1.0,103.0,94.0,36.0,6.2,1,0,0,0,1,0,0,0,0
2964,1.0,83.0,44.0,24.0,3.8,0,0,0,1,0,0,1,0,0
2665,1.0,83.0,6.0,39.0,6.5,1,0,0,0,0,0,0,1,0
152,1.0,83.0,16.0,48.0,6.0,1,0,0,0,0,0,1,0,0
662,1.0,149.0,168.0,54.0,7.5,0,0,0,1,0,0,0,0,0
338,1.0,112.0,60.0,64.0,6.4,0,0,0,1,0,0,0,0,0
1981,1.0,108.0,200.0,48.0,6.2,0,0,0,1,0,0,0,0,1
1424,1.0,127.0,6.0,58.500851788756385,6.3,0,0,0,0,0,0,0,0,0
1899,1.0,97.0,15.0,60.0,6.7,0,0,1,0,0,0,1,0,0
1559,1.0,104.0,1.0,74.0,6.6,0,0,0,0,0,0,0,1,0
565,1.0,88.0,15.0,58.500851788756385,5.9,1,0,0,0,1,0,0,0,0
1557,1.0,115.0,21.0,54.0,6.9,0,0,0,1,0,0,1,0,0
430,1.0,107.0,5.0,58.500851788756385,5.6,0,0,0,1,0,0,0,0,0
2161,1.0,102.0,39.0,26.0,5.6,1,0,0,0,0,0,1,0,0
66,1.0,108.0,50.0,69.0,6.8,0,0,0,1,0,0,0,0,0
3086,1.0,107.0,38.0,45.0,5.7,0,0,0,1,0,0,0,0,0
108,1.0,135.0,1.0,58.500851788756385,4.7,0,0,0,0,0,0,1,0,0
1458,1.0,131.0,208.0,73.0,7.4,0,0,1,0,0,0,0,0,0
2830,1.0,82.0,85.0,19.0,4.0,0,0,0,1,1,0,0,0,0
1923,1.0,95.0,2.0,58.500851788756385,5.6,0,0,0,0,0,0,0,0,0
2267,1.0,120.0,63.0,55.0,7.0,0,0,0,1,0,0,0,0,0
415,1.0,104.0,77.0,70.0,7.6,0,0,0,1,1,0,0,0,0
449,1.0,96.0,21.0,49.0,6.4,0,0,0,1,0,0,0,0,0
2643,1.0,148.0,636.0,73.0,8.1,0,1,0,0,1,0,0,0,0
3154,1.0,94.0,1.0,62.0,6.2,0,0,0,1,0,0,0,1,0
2948,1.0,88.0,3.0,31.0,5.5,0,0,0,0,0,0,0,1,0
2371,1.0,165.0,338.0,82.0,8.5,0,0,0,1,0,0,0,0,0
213,1.0,132.0,45.0,62.0,7.4,0,0,0,1,0,0,0,0,0
733,1.0,88.0,5.0,58.500851788756385,5.9,1,0,0,0,0,0,1,0,0
2751,1.0,123.0,80.0,47.0,5.9,0,0,0,1,0,0,1,0,0
293,1.0,97.0,124.0,57.0,6.5,0,0,0,1,0,0,1,0,0
1941,1.0,94.0,133.0,56.0,6.9,0,0,0,1,0,0,0,0,1
2656,1.0,106.0,149.0,70.0,7.3,0,1,0,0,0,0,1,0,0
223,1.0,96.0,7.0,58.500851788756385,6.6,1,0,0,0,0,0,0,1,0
64,1.0,91.0,118.0,54.0,7.2,0,0,0,1,0,0,1,0,0
1752,1.0,93.0,4.0,35.0,5.9,0,0,0,1,0,0,0,0,0
1350,1.0,92.0,5.0,58.500851788756385,6.6,0,0,0,0,0,0,0,0,1
1077,1.0,93.0,4.0,58.500851788756385,5.8,0,0,0,1,0,0,0,1,0
301,1.0,92.0,24.0,48.0,6.7,0,0,0,1,1,0,0,0,0
692,1.0,107.0,21.0,65.0,6.9,0,0,0,1,0,0,0,0,0
440,1.0,91.0,14.0,58.500851788756385,4.9,0,0,0,0,0,0,1,0,0
2848,1.0,4.0,14.0,58.500851788756385,7.4,0,0,0,1,0,1,0,0,0
2264,1.0,111.0,875.0,45.0,6.3,0,0,0,0,0,0,0,1,0
480,1.0,97.0,25.0,59.0,6.9,0,0,0,1,0,0,1,0,0
1884,1.0,107.0,15.0,17.0,5.1,0,0,0,1,0,0,0,0,0
699,1.0,102.0,474.0,74.0,7.8,0,0,1,0,0,1,0,0,0
992,1.0,112.0,57.0,90.0,7.2,0,0,1,0,0,0,0,0,0
65,1.0,108.0,323.0,48.0,7.2,0,0,0,1,1,0,0,0,0
1591,1.0,105.0,6.0,72.0,7.1,0,0,0,1,0,0,0,0,0
2279,1.0,96.0,80.0,29.0,5.9,1,0,0,0,0,0,0,1,0
3070,1.0,91.0,537.0,83.0,7.0,1,0,0,0,0,0,0,0,0
1842,1.0,92.0,20.0,67.0,7.3,0,1,0,0,0,0,0,1,0
1011,1.0,91.0,10.0,58.500851788756385,5.5,0,0,0,0,0,0,1,0,0
72,1.0,111.0,14.0,46.0,6.3,1,0,0,0,0,0,0,1,0
1084,1.0,106.0,43.0,60.0,6.9,0,0,0,1,0,0,0,0,0
2570,1.0,168.0,4.0,80.0,6.7,0,0,0,1,0,0,0,1,0
205,1.0,103.0,8.0,70.0,6.6,0,0,0,1,0,0,0,1,0
1014,1.0,91.0,37.0,68.0,6.5,0,0,0,1,0,0,0,0,1
579,1.0,129.0,230.0,47.0,7.7,0,1,0,0,0,0,0,0,0
1828,1.0,130.0,131.0,51.0,6.6,0,0,0,1,0,0,0,1,0
2061,1.0,91.0,1.0,51.0,6.5,1,0,0,0,0,0,1,0,0
578,1.0,92.0,15.0,58.500851788756385,6.7,0,0,0,1,0,0,1,0,0
2500,1.0,115.0,150.0,37.0,5.9,1,0,0,0,0,0,1,0,0
3069,1.0,116.0,65.0,54.0,5.8,1,0,0,0,0,0,0,0,1
433,1.0,86.0,93.0,64.0,6.6,0,0,0,1,1,0,0,0,0
925,1.0,121.0,131.0,60.0,6.7,0,0,0,1,1,0,0,0,0
2638,1.0,120.0,4.0,77.0,7.0,0,0,0,1,0,0,0,1,0
1963,1.0,118.0,81.0,40.0,6.2,0,0,0,1,1,0,0,0,0
3106,1.0,104.0,79.0,55.0,5.5,0,0,0,1,1,0,0,0,0
2973,1.0,86.0,70.0,79.0,8.2,0,0,1,0,0,0,0,0,0
37,1.0,110.0,15.0,86.0,7.3,0,1,0,0,0,0,0,1,0
1990,1.0,85.0,132.0,74.0,6.6,0,0,0,1,0,1,0,0,0
3232,1.0,93.0,6.0,45.0,5.6,0,0,0,1,0,0,1,0,0
1964,1.0,123.0,115.0,65.0,6.5,0,0,1,0,0,0,0,0,0
1465,1.0,107.0,49.0,82.0,8.0,1,0,0,0,0,0,0,0,0
610,1.0,73.0,18.0,65.0,7.2,1,0,0,0,0,0,1,0,0
2576,1.0,101.0,13.0,73.0,6.6,0,0,0,1,0,0,1,0,0
198,1.0,113.0,15.0,58.500851788756385,7.9,0,1,0,0,0,0,0,1,0
496,1.0,105.0,1.0,58.500851788756385,6.9,0,0,0,1,0,0,0,1,0
392,1.0,108.0,14.0,54.0,6.2,1,0,0,0,0,0,0,1,0
208,1.0,128.0,52.0,58.0,6.1,0,0,0,1,0,0,0,1,0
1974,1.0,135.0,126.0,79.0,7.1,0,1,0,0,1,0,0,0,0
2514,1.0,93.0,6.0,61.0,6.3,0,0,0,1,0,0,1,0,0
1496,1.0,103.0,1.0,58.500851788756385,5.7,0,0,0,0,0,0,0,1,0
1765,1.0,113.0,8.0,65.0,7.2,0,0,1,0,0,0,1,0,0
2379,1.0,89.0,17.0,32.0,5.4,0,0,0,0,0,0,1,0,0
61,1.0,88.0,28.0,1.0,4.4,0,0,0,1,0,0,1,0,0
525,1.0,99.0,401.0,58.500851788756385,5.3,1,0,0,0,0,0,0,1,0
498,1.0,95.0,31.0,64.0,6.8,1,0,0,0,0,0,1,0,0
259,1.0,95.0,3.0,58.500851788756385,5.4,1,0,0,0,0,0,1,0,0
1581,1.0,89.0,6.0,49.0,6.3,0,0,0,0,0,0,0,1,0
1823,1.0,107.0,86.0,42.0,6.6,0,1,0,0,0,0,0,1,0
1226,1.0,110.0,308.0,63.0,6.2,1,0,0,0,0,0,1,0,0
2771,1.0,124.0,42.0,56.0,6.0,0,0,0,1,1,0,0,0,0
495,1.0,109.0,41.0,89.0,7.4,0,1,0,0,0,0,0,0,0
2488,1.0,108.0,27.0,74.0,6.6,0,0,0,1,0,0,0,0,0
1460,1.0,101.0,560.0,56.0,6.6,0,0,0,1,0,0,1,0,0
96,1.0,92.0,234.0,31.0,7.0,0,0,0,1,0,0,1,0,0
345,1.0,98.0,1.0,58.500851788756385,6.3,0,0,0,0,0,0,0,1,0
779,1.0,85.0,2.0,46.0,6.3,0,0,0,0,0,0,0,1,0
849,1.0,218.0,299.0,100.0,8.3,0,0,1,0,1,0,0,0,0
2333,1.0,99.0,45.0,29.0,5.4,1,0,0,0,1,0,0,0,0
2798,1.0,131.0,132.0,59.0,6.4,1,0,0,0,1,0,0,0,0
2357,1.0,90.0,129.0,56.0,6.4,1,0,0,0,0,0,1,0,0
2490,1.0,90.0,118.0,67.0,7.3,0,0,0,1,0,0,1,0,0
912,1.0,102.0,59.0,71.0,6.7,0,0,0,1,1,0,0,0,0
1446,1.0,105.0,2.0,58.500851788756385,5.6,1,0,0,0,0,0,1,0,0
1564,1.0,118.0,18.0,42.0,6.4,1,0,0,0,1,0,0,0,0
907,1.0,92.0,2.0,58.500851788756385,6.5,0,0,0,1,0,0,1,0,0
203,1.0,97.0,10.0,58.500851788756385,7.7,0,0,0,1,1,0,0,0,0
2399,1.0,86.0,5.0,79.0,7.8,0,0,0,1,0,0,0,0,0
1091,1.0,88.0,27.0,58.500851788756385,6.6,0,0,0,0,0,0,1,0,0
1934,1.0,140.0,113.0,63.0,7.9,0,1,0,0,0,0,0,0,0
2615,1.0,102.0,8.0,89.0,8.2,0,1,0,0,0,0,0,0,0
155,1.0,95.0,18.0,58.500851788756385,5.1,0,0,0,1,1,0,0,0,0
1292,1.0,117.0,3.0,57.0,6.7,0,0,0,1,0,0,0,0,0
1139,1.0,116.0,5.0,57.0,5.9,1,0,0,0,0,0,0,0,0
933,1.0,120.0,235.0,60.0,6.7,0,1,0,0,0,0,0,1,0
2168,1.0,111.0,772.0,96.0,8.1,0,0,1,0,0,1,0,0,0
2927,1.0,172.0,9.0,57.0,6.0,0,1,0,0,0,0,0,1,0
1412,1.0,103.0,7.0,58.500851788756385,5.9,0,1,0,0,0,0,0,0,0
2090,1.0,87.0,45.0,38.0,4.8,1,0,0,0,1,0,0,0,0
755,1.0,90.0,1.0,58.500851788756385,6.4,0,0,0,1,0,0,0,1,0
2566,1.0,91.0,175.0,44.0,6.2,1,0,0,0,1,0,0,0,0
330,1.0,117.0,157.0,81.0,7.1,0,1,0,0,0,0,1,0,0
1655,1.0,82.0,64.0,56.0,6.4,0,0,0,1,0,1,0,0,0
519,1.0,130.0,155.0,50.0,7.8,1,0,0,0,0,0,0,0,0
179,1.0,128.0,70.0,20.0,5.0,0,0,0,1,0,0,0,0,0
187,1.0,111.0,16.0,42.0,6.5,0,0,0,1,0,0,0,0,0
2661,1.0,122.0,14.0,58.500851788756385,5.7,0,0,0,1,0,0,1,0,0
2245,1.0,100.0,120.0,27.0,5.8,0,0,0,1,1,0,0,0,0
1739,1.0,113.0,91.0,61.0,7.2,0,0,0,1,0,0,0,0,1
2108,1.0,103.0,1.0,62.0,6.5,0,0,0,1,0,0,1,0,0
2653,1.0,114.0,73.0,45.0,6.8,0,0,1,0,0,0,0,0,0
558,1.0,113.0,234.0,58.500851788756385,6.8,1,0,0,0,0,0,0,1,0
336,1.0,88.0,1.0,88.0,8.5,0,0,1,0,0,1,0,0,0
854,1.0,111.0,25.0,82.0,7.3,0,0,0,1,0,0,1,0,0
295,1.0,89.0,63.0,67.0,7.3,0,0,0,1,0,0,0,0,0
3036,1.0,111.0,66.0,58.0,6.8,0,0,0,1,0,0,0,1,0
250,1.0,92.0,2.0,58.500851788756385,6.4,0,0,0,0,0,0,0,0,0
1766,1.0,167.0,8.0,81.0,7.4,0,1,0,0,0,0,0,0,0
1895,1.0,85.0,176.0,76.0,7.6,1,0,0,0,0,0,1,0,0
926,1.0,106.0,35.0,44.0,5.6,0,0,0,0,1,0,0,0,0
269,1.0,119.0,241.0,74.0,7.2,0,0,0,1,1,0,0,0,0
1677,1.0,126.0,105.0,66.0,6.2,0,1,0,0,1,0,0,0,0
1966,1.0,111.0,17.0,38.0,6.5,0,0,0,0,0,0,0,1,0
1517,1.0,138.0,209.0,90.0,7.6,0,0,1,0,0,0,0,1,0
2542,1.0,86.0,620.0,73.0,7.5,0,0,0,1,0,0,0,0,0
1228,1.0,125.0,508.0,58.500851788756385,5.4,0,0,0,0,0,0,0,0,0
1829,1.0,96.0,4.0,59.0,6.5,0,0,0,1,0,0,0,0,0
306,1.0,97.0,92.0,46.0,7.1,0,0,0,1,1,0,0,0,0
1633,1.0,118.0,81.0,9.0,2.5,0,0,0,1,1,0,0,0,0
2717,1.0,90.0,27.0,72.0,6.7,0,0,0,1,0,0,1,0,0
5,1.0,170.0,671.0,76.0,8.3,1,0,0,0,1,0,0,0,0
1785,1.0,165.0,283.0,63.0,7.2,0,1,0,0,1,0,0,0,0
2498,1.0,96.0,23.0,24.0,4.6,0,0,0,1,0,0,0,0,0
2553,1.0,113.0,602.0,76.0,7.6,0,0,0,1,0,0,1,0,0
583,1.0,109.0,11.0,58.500851788756385,7.5,0,0,0,1,0,0,0,1,0
2575,1.0,91.0,24.0,52.0,5.8,0,0,0,0,1,0,0,0,0
1585,1.0,98.0,464.0,28.0,6.1,0,0,0,0,1,0,0,0,0
1656,1.0,98.0,29.0,35.0,5.3,1,0,0,0,0,0,1,0,0
186,1.0,115.0,3.0,58.500851788756385,6.1,1,0,0,0,0,0,0,1,0
3085,1.0,92.0,315.0,45.0,6.2,0,0,0,1,1,0,0,0,0
1,1.0,104.0,356.0,39.0,7.0,0,0,0,1,1,0,0,0,0
278,1.0,105.0,4.0,58.500851788756385,7.2,0,0,0,1,0,0,1,0,0
1961,1.0,93.0,8.0,85.0,7.3,0,0,0,1,0,0,1,0,0
11,1.0,88.0,43.0,58.500851788756385,5.8,0,0,0,0,0,0,1,0,0
1551,1.0,119.0,5.0,80.0,6.9,0,0,0,1,0,0,1,0,0
1427,1.0,102.0,2.0,58.500851788756385,6.5,0,0,0,0,1,0,0,0,0
2640,1.0,94.0,200.0,41.0,6.2,0,0,0,1,1,0,0,0,0
1674,1.0,125.0,112.0,55.0,7.0,0,1,0,0,1,0,0,0,0
1628,1.0,117.0,1.0,58.500851788756385,6.9,0,0,0,1,0,0,0,0,0
419,1.0,101.0,1.0,58.500851788756385,6.7,0,0,0,1,0,0,1,0,0
2014,1.0,93.0,4.0,58.0,7.0,0,0,0,0,0,0,0,0,0
2064,1.0,130.0,1.0,58.500851788756385,6.6,0,0,0,0,0,0,0,1,0
847,1.0,101.0,59.0,44.0,6.4,0,0,0,0,1,0,0,0,0
1724,1.0,94.0,44.0,40.0,6.2,0,0,0,1,0,0,1,0,0
1815,1.0,94.0,22.0,75.0,7.0,0,0,0,1,0,0,0,0,0
686,1.0,109.0,161.0,58.500851788756385,5.6,0,0,0,0,0,0,1,0,0
279,1.0,87.0,121.0,41.0,5.7,1,0,0,0,1,0,0,0,0
724,1.0,107.0,53.0,43.0,5.6,1,0,0,0,1,0,0,0,0
385,1.0,101.0,6.0,74.0,7.0,0,0,0,1,0,0,1,0,0
2606,1.0,96.0,16.0,50.0,4.9,1,0,0,0,0,0,1,0,0
808,1.0,242.0,39.0,58.500851788756385,7.7,0,1,0,0,0,0,0,1,0
131,1.0,119.0,273.0,41.0,6.8,0,0,0,1,1,0,0,0,0
1938,1.0,94.0,7.0,51.0,6.9,0,0,0,1,0,0,1,0,0
3169,1.0,111.0,2.0,33.0,5.4,0,0,0,0,0,0,0,1,0
487,1.0,110.0,14.0,50.0,6.6,1,0,0,0,0,0,0,0,0
355,1.0,99.0,1.0,62.0,6.7,0,0,0,0,0,0,1,0,0
2044,1.0,143.0,565.0,64.0,8.0,0,1,0,0,1,0,0,0,0
1852,1.0,103.0,27.0,24.0,5.6,1,0,0,0,0,0,0,1,0
69,1.0,90.0,5.0,58.500851788756385,4.7,0,0,0,1,0,0,1,0,0
940,1.0,96.0,18.0,53.0,6.0,1,0,0,0,0,0,1,0,0
537,1.0,82.0,52.0,45.0,6.3,0,0,0,1,0,0,1,0,0
544,1.0,103.0,602.0,63.0,7.7,0,1,0,0,0,0,1,0,0
1086,1.0,113.0,201.0,68.0,6.4,0,1,0,0,1,0,0,0,0
97,1.0,135.0,84.0,69.0,7.6,0,1,0,0,0,0,0,1,0
303,1.0,98.0,8.0,58.500851788756385,6.5,1,0,0,0,0,0,0,0,0
157,1.0,92.0,6.0,58.500851788756385,6.8,0,0,0,1,0,0,1,0,0
2265,1.0,90.0,2.0,58.500851788756385,5.2,0,0,0,1,0,0,0,0,0
1799,1.0,100.0,8.0,58.500851788756385,5.3,0,0,0,0,1,0,0,0,0
133,1.0,102.0,115.0,46.0,7.3,0,0,0,1,0,0,0,0,0
1951,1.0,102.0,50.0,33.0,5.0,1,0,0,0,0,0,0,0,1
1744,1.0,117.0,2.0,58.500851788756385,6.3,1,0,0,0,0,0,0,1,0
53,1.0,103.0,13.0,56.0,6.5,1,0,0,0,0,0,1,0,0
351,1.0,126.0,22.0,58.500851788756385,6.5,1,0,0,0,0,0,0,1,0
2387,1.0,86.0,3.0,58.500851788756385,7.2,0,0,0,0,0,1,0,0,0
679,1.0,100.0,6.0,58.500851788756385,6.8,0,0,0,0,0,0,0,1,0
169,1.0,95.0,5.0,58.500851788756385,6.7,0,0,0,1,0,0,0,0,0
1695,1.0,124.0,4.0,81.0,6.9,1,0,0,0,0,0,0,1,0
946,1.0,77.0,168.0,58.500851788756385,7.4,0,1,0,0,0,0,0,0,0
2562,1.0,97.0,1.0,77.0,7.2,0,0,0,1,0,0,0,0,0
1012,1.0,110.0,29.0,86.0,6.9,0,1,0,0,0,0,0,0,0
826,1.0,79.0,1.0,58.500851788756385,5.8,0,0,0,0,0,0,0,1,0
2995,1.0,102.0,80.0,37.0,7.0,0,0,0,1,0,0,0,1,0
1504,1.0,105.0,7.0,59.0,6.5,1,0,0,0,0,0,0,1,0
982,1.0,98.0,327.0,58.500851788756385,5.0,0,0,0,0,0,0,1,0,0
159,1.0,96.0,120.0,58.500851788756385,5.6,0,0,0,1,1,0,0,0,0
2147,1.0,99.0,7.0,58.500851788756385,7.2,0,0,0,1,0,0,1,0,0
2556,1.0,109.0,5.0,64.0,6.9,0,0,0,1,0,0,0,1,0
181,1.0,106.0,15.0,62.0,5.7,0,0,0,1,0,0,1,0,0
74,1.0,115.0,28.0,46.0,6.7,0,0,0,1,0,0,0,0,0
180,1.0,112.0,37.0,70.0,7.4,0,0,0,1,0,0,1,0,0
2471,1.0,109.0,1.0,58.500851788756385,5.2,0,0,0,0,0,0,1,0,0
73,1.0,118.0,19.0,58.500851788756385,5.7,0,0,0,1,0,0,0,0,0
1008,1.0,106.0,279.0,83.0,8.0,0,0,1,0,0,0,1,0,0
2649,1.0,116.0,94.0,46.0,5.8,0,0,0,1,0,0,1,0,0
2463,1.0,110.0,9.0,73.0,7.2,0,0,0,1,1,0,0,0,0
522,1.0,96.0,4.0,78.0,7.4,0,1,0,0,0,0,0,0,0
596,1.0,123.0,4.0,58.500851788756385,6.4,1,0,0,0,0,0,0,1,0
546,1.0,90.0,434.0,86.0,8.0,0,0,1,0,0,1,0,0,0
2330,1.0,113.0,31.0,52.0,6.9,0,0,0,1,0,0,0,0,0
1066,1.0,94.0,7.0,66.0,5.7,0,0,0,0,0,0,0,1,0
255,1.0,100.0,24.0,35.0,5.4,0,0,0,0,0,0,1,0,0
2604,1.0,122.0,321.0,76.0,7.7,0,1,0,0,1,0,0,0,0
2282,1.0,119.0,59.0,79.0,7.8,0,0,0,1,0,0,0,0,0
88,1.0,99.0,2.0,58.500851788756385,7.2,0,0,0,1,0,0,1,0,0
855,1.0,135.0,30.0,78.0,7.4,0,1,0,0,0,0,0,1,0
538,1.0,94.0,7.0,58.500851788756385,5.7,1,0,0,0,1,0,0,0,0
2626,1.0,100.0,251.0,83.0,7.6,0,1,0,0,0,0,0,0,0
1716,1.0,93.0,4.0,58.0,7.2,0,0,0,0,0,0,0,0,0
1509,1.0,87.0,249.0,96.0,8.5,0,0,0,1,0,0,1,0,0
1480,1.0,90.0,16.0,18.0,5.8,0,0,0,0,1,0,0,0,0
835,1.0,123.0,10.0,68.0,6.9,0,0,0,1,0,0,0,1,0
1545,1.0,119.0,6.0,58.500851788756385,5.9,0,1,0,0,0,0,1,0,0
684,1.0,81.0,184.0,59.0,7.4,0,0,0,1,0,0,1,0,0
1729,1.0,102.0,6.0,58.500851788756385,5.0,1,0,0,0,1,0,0,0,0
238,1.0,109.0,70.0,59.0,4.7,0,1,0,0,0,0,1,0,0
836,1.0,116.0,5.0,57.0,6.3,0,0,0,1,0,0,0,0,0
2198,1.0,96.0,7.0,31.0,5.7,0,0,0,0,0,0,1,0,0
471,1.0,87.0,14.0,58.500851788756385,4.5,0,0,0,1,1,0,0,0,0
887,1.0,170.0,98.0,95.0,7.8,0,0,1,0,0,0,0,1,0
1882,1.0,80.0,5.0,67.0,7.0,0,0,0,1,0,0,0,1,0
456,1.0,111.0,17.0,49.0,5.1,0,0,0,1,0,0,1,0,0
1500,1.0,96.0,8.0,25.0,5.2,1,0,0,0,0,0,0,1,0
1725,1.0,98.0,12.0,38.0,5.0,1,0,0,0,0,0,1,0,0
790,1.0,120.0,5.0,84.0,6.9,0,0,0,1,1,0,0,0,0
2364,1.0,124.0,20.0,49.0,5.9,1,0,0,0,0,0,0,1,0
2940,1.0,122.0,12.0,58.500851788756385,7.1,0,0,0,1,1,0,0,0,0
1969,1.0,99.0,5.0,64.0,7.3,1,0,0,0,0,0,0,0,0
2242,1.0,157.0,565.0,79.0,7.7,0,0,0,1,0,0,0,0,0
441,1.0,128.0,108.0,74.0,7.2,0,1,0,0,1,0,0,0,0
1319,1.0,87.0,517.0,67.0,6.8,0,0,0,1,0,0,0,0,0
1667,1.0,102.0,4.0,58.500851788756385,6.7,0,1,0,0,1,0,0,0,0
627,1.0,94.0,4.0,58.500851788756385,4.1,0,0,0,0,1,0,0,0,0
2687,1.0,113.0,14.0,31.0,5.6,0,0,0,0,1,0,0,0,0
1920,1.0,119.0,34.0,49.0,6.6,0,0,0,0,1,0,0,0,0
176,1.0,94.0,113.0,55.0,6.5,1,0,0,0,1,0,0,0,0
1777,1.0,94.0,62.0,48.0,6.6,0,0,0,1,0,1,0,0,0
1508,1.0,90.0,32.0,49.0,6.4,1,0,0,0,1,0,0,0,0
1058,1.0,122.0,4.0,58.500851788756385,6.1,1,0,0,0,0,0,0,0,0
678,1.0,114.0,35.0,83.0,7.2,0,0,1,0,0,0,0,1,0
934,1.0,117.0,23.0,58.500851788756385,7.3,0,0,0,1,0,0,1,0,0
672,1.0,138.0,133.0,98.0,8.2,0,0,1,0,0,0,0,1,0
873,1.0,105.0,515.0,58.500851788756385,7.3,0,0,1,0,0,0,0,0,0
1691,1.0,95.0,5.0,82.0,7.6,0,0,0,1,0,0,0,0,0
909,1.0,135.0,5.0,58.500851788756385,7.3,0,1,0,0,0,0,0,1,0
424,1.0,130.0,303.0,87.0,7.8,0,0,1,0,1,0,0,0,0
446,1.0,110.0,17.0,46.0,6.6,0,0,0,0,1,0,0,0,0
529,1.0,102.0,6.0,44.0,5.1,0,0,0,0,1,0,0,0,0
183,1.0,109.0,829.0,58.500851788756385,6.4,0,0,0,0,0,0,0,1,0
2541,1.0,96.0,6.0,58.500851788756385,6.1,0,0,0,0,0,0,0,0,1
79,1.0,129.0,24.0,53.0,6.6,1,0,0,0,1,0,0,0,0
2540,1.0,88.0,2.0,52.0,6.0,0,0,0,1,0,0,0,1,0
2312,1.0,92.0,21.0,36.0,4.3,1,0,0,0,0,0,1,0,0
754,1.0,103.0,30.0,25.0,5.9,0,0,0,0,0,0,1,0,0
280,1.0,133.0,71.0,92.0,7.5,0,1,0,0,0,0,0,0,0
1523,1.0,90.0,59.0,36.0,6.7,0,0,0,1,0,0,1,0,0
120,1.0,106.0,494.0,58.500851788756385,7.0,0,0,0,0,0,0,1,0,0
2026,1.0,85.0,8.0,55.0,6.9,0,0,0,1,0,0,0,0,0
3045,1.0,87.0,8.0,49.0,5.5,1,0,0,0,0,0,1,0,0
1568,1.0,96.0,2.0,58.500851788756385,5.6,0,0,0,0,1,0,0,0,0
81,1.0,87.0,42.0,34.0,6.2,0,0,0,0,0,0,1,0,0
98,1.0,99.0,25.0,64.0,6.9,1,0,0,0,1,0,0,0,0
1890,1.0,107.0,105.0,40.0,6.4,0,1,0,0,0,0,0,0,0
1915,1.0,86.0,1.0,18.0,4.2,1,0,0,0,0,0,0,0,0
1261,1.0,143.0,54.0,77.0,7.3,0,0,0,1,0,0,0,0,0
1526,1.0,100.0,16.0,75.0,6.9,1,0,0,0,0,0,1,0,0
965,1.0,89.0,569.0,58.500851788756385,6.2,0,0,0,0,0,0,0,1,0
2194,1.0,104.0,105.0,59.0,6.5,1,0,0,0,0,0,1,0,0
302,1.0,118.0,84.0,55.0,6.6,0,0,0,1,1,0,0,0,0
1879,1.0,87.0,7.0,70.0,6.7,0,0,0,1,0,0,1,0,0
268,1.0,98.0,700.0,58.500851788756385,5.4,1,0,0,0,0,0,1,0,0
804,1.0,116.0,3.0,58.500851788756385,6.7,1,0,0,0,0,0,1,0,0
587,1.0,88.0,705.0,58.500851788756385,4.9,0,0,0,0,0,0,0,1,0
2408,1.0,97.0,12.0,58.500851788756385,4.9,0,0,0,0,1,0,0,0,0
311,1.0,106.0,31.0,39.0,5.5,1,0,0,0,1,0,0,0,0
50,1.0,100.0,10.0,58.500851788756385,5.5,0,0,0,0,0,0,1,0,0
1497,1.0,103.0,51.0,53.0,7.0,0,0,0,1,0,0,1,0,0
1869,1.0,113.0,29.0,33.0,5.8,1,0,0,0,1,0,0,0,0
3067,1.0,109.0,257.0,68.0,7.6,0,0,0,1,1,0,0,0,0
2632,1.0,111.0,14.0,65.0,7.5,0,0,0,1,0,1,0,0,0
3277,1.0,116.0,33.0,45.0,7.1,0,0,0,0,0,0,0,0,0
1429,1.0,92.0,4.0,58.500851788756385,6.3,0,0,1,0,1,0,0,0,0
1584,1.0,105.0,3.0,28.0,5.5,1,0,0,0,0,0,0,1,0
490,1.0,114.0,65.0,71.0,7.5,0,0,0,1,0,0,0,0,0
2762,1.0,5.0,11.0,58.500851788756385,6.5,0,0,1,0,0,1,0,0,0
2167,1.0,108.0,21.0,60.0,6.4,1,0,0,0,0,0,0,0,0
1767,1.0,130.0,128.0,81.0,7.7,0,1,0,0,0,0,0,0,0
101,1.0,178.0,1.0,68.0,8.4,0,0,1,0,0,0,0,0,0
1916,1.0,103.0,13.0,33.0,6.0,0,0,0,1,0,0,0,0,1
1106,1.0,100.0,208.0,67.0,7.8,0,1,0,0,0,0,0,0,0
383,1.0,108.0,14.0,53.0,5.6,1,0,0,0,0,0,1,0,0
2409,1.0,95.0,4.0,52.0,6.1,0,0,0,1,0,0,0,0,0
2109,1.0,125.0,11.0,58.500851788756385,7.7,0,1,0,0,0,0,1,0,0
1475,1.0,132.0,19.0,78.0,6.6,0,0,0,1,0,0,0,1,0
1688,1.0,89.0,4.0,58.500851788756385,6.7,0,0,0,1,0,0,0,0,1
626,1.0,105.0,8.0,35.0,6.2,1,0,0,0,0,0,1,0,0
2929,1.0,94.0,5.0,41.0,6.1,0,0,0,1,0,0,0,1,0
1431,1.0,118.0,2.0,58.500851788756385,6.8,0,0,0,1,0,0,0,1,0
2479,1.0,91.0,7.0,4.0,5.4,1,0,0,0,0,0,1,0,0
414,1.0,97.0,3.0,51.0,5.2,0,0,0,0,0,0,1,0,0
2648,1.0,99.0,15.0,38.0,4.7,0,0,0,0,1,0,0,0,0
374,1.0,97.0,482.0,58.500851788756385,6.3,0,0,0,1,0,0,0,0,0
2462,1.0,78.0,2.0,58.500851788756385,7.6,0,0,0,1,0,0,0,0,0
3180,1.0,99.0,2.0,58.500851788756385,6.7,0,0,0,0,0,0,1,0,0
1660,1.0,93.0,2.0,58.0,6.0,0,0,0,1,0,0,1,0,0
2193,1.0,100.0,7.0,49.0,5.8,1,0,0,0,0,0,0,1,0
1503,1.0,90.0,17.0,80.0,8.1,0,0,0,1,0,0,0,1,0
2010,1.0,110.0,46.0,82.0,7.9,0,0,0,1,0,0,0,1,0
408,1.0,110.0,55.0,76.0,6.9,0,1,0,0,0,0,1,0,0
2079,1.0,102.0,18.0,39.0,5.6,0,0,0,0,0,0,0,0,1
399,1.0,144.0,223.0,66.0,7.9,0,0,0,1,0,0,0,0,0
2393,1.0,117.0,134.0,81.0,6.7,0,0,0,1,0,0,1,0,0
240,1.0,89.0,6.0,34.0,4.7,1,0,0,0,1,0,0,0,0
472,1.0,94.0,17.0,75.0,7.1,0,1,0,0,0,0,0,0,0
12,1.0,78.0,45.0,58.500851788756385,7.1,1,0,0,0,0,1,0,0,0
2962,1.0,116.0,248.0,58.0,7.2,0,0,0,1,0,0,0,0,0
966,1.0,96.0,85.0,71.0,7.2,0,0,0,1,0,0,1,0,0
2404,1.0,86.0,118.0,90.0,7.8,0,0,1,0,0,0,0,1,0
1653,1.0,100.0,3.0,71.0,7.0,0,0,0,1,0,0,1,0,0
1864,1.0,144.0,51.0,50.0,7.6,1,0,0,0,1,0,0,0,0
2068,1.0,125.0,94.0,69.0,7.4,0,0,0,1,0,0,0,1,0
1664,1.0,110.0,131.0,77.0,6.6,0,0,0,1,1,0,0,0,0
1129,1.0,90.0,1.0,58.500851788756385,4.7,0,0,0,1,0,0,0,1,0
888,1.0,92.0,10.0,62.0,7.3,0,1,0,0,0,0,1,0,0
107,1.0,92.0,4.0,33.0,4.9,0,0,0,0,0,0,1,0,0
2123,1.0,122.0,105.0,53.0,6.9,0,0,0,1,0,0,0,0,0
1935,1.0,90.0,64.0,78.0,7.4,0,0,0,1,0,0,1,0,0
516,1.0,93.0,13.0,58.500851788756385,6.3,0,0,0,0,0,0,1,0,0
15,1.0,178.0,532.0,73.0,8.2,0,1,0,0,0,0,0,0,0
49,1.0,116.0,2.0,58.500851788756385,7.4,0,0,0,1,0,0,1,0,0
326,1.0,102.0,190.0,71.0,7.5,0,0,0,1,1,0,0,0,0
2642,1.0,96.0,92.0,19.0,5.6,0,0,0,1,0,0,1,0,0
508,1.0,95.0,21.0,33.0,5.8,1,0,0,0,0,0,1,0,0
1619,1.0,104.0,5.0,38.0,5.0,0,0,0,1,0,0,0,1,0
1009,1.0,107.0,18.0,58.500851788756385,7.0,0,0,0,1,0,0,1,0,0
197,1.0,90.0,6.0,58.500851788756385,5.6,0,0,0,0,1,0,0,0,0
687,1.0,80.0,7.0,58.500851788756385,5.8,0,0,0,0,0,0,0,0,1
639,1.0,100.0,2.0,58.500851788756385,6.6,0,0,0,1,0,0,1,0,0
769,1.0,97.0,10.0,60.0,6.3,0,0,0,0,1,0,0,0,0
743,1.0,128.0,507.0,79.0,8.1,0,0,1,0,0,0,1,0,0
106,1.0,99.0,3.0,58.500851788756385,7.0,0,0,0,1,0,0,0,0,0
1659,1.0,91.0,4.0,58.500851788756385,6.2,0,0,0,0,0,0,1,0,0
2358,1.0,68.0,138.0,63.0,7.3,1,0,0,0,0,0,0,0,0
3017,1.0,80.0,5.0,58.500851788756385,4.6,0,0,0,0,1,0,0,0,0
2623,1.0,105.0,12.0,56.0,6.5,0,0,0,1,0,0,0,1,0
236,1.0,139.0,3.0,45.0,5.7,1,0,0,0,0,0,0,0,0
1574,1.0,122.0,24.0,61.0,6.6,0,0,0,1,0,0,0,0,0
2096,1.0,141.0,166.0,89.0,7.8,0,0,1,0,1,0,0,0,0
2425,1.0,91.0,3.0,67.0,6.5,0,0,0,1,0,0,0,1,0
481,1.0,134.0,78.0,86.0,7.8,0,1,0,0,0,0,0,1,0
1476,1.0,93.0,18.0,58.500851788756385,6.4,0,0,0,0,1,0,0,0,0
491,1.0,103.0,2.0,58.500851788756385,7.0,0,0,0,1,0,0,0,1,0
4,1.0,106.0,39.0,49.0,6.0,0,0,0,1,0,0,1,0,0
1933,1.0,92.0,10.0,41.0,5.3,1,0,0,0,0,0,1,0,0
2334,1.0,86.0,14.0,54.0,6.7,0,0,0,0,0,1,0,0,0
46,1.0,106.0,1.0,77.0,8.5,0,0,1,0,0,0,0,0,0
172,1.0,103.0,37.0,47.0,5.5,0,0,0,1,0,0,1,0,0
2572,1.0,90.0,43.0,38.0,5.3,0,0,0,0,0,0,1,0,0
1713,1.0,96.0,39.0,58.500851788756385,8.5,0,0,0,1,0,0,0,0,0
2787,1.0,88.0,216.0,49.0,6.5,0,0,0,1,0,1,0,0,0
1857,1.0,92.0,2.0,41.0,5.9,0,0,0,0,0,0,1,0,0
422,1.0,112.0,79.0,79.0,6.0,0,0,0,1,1,0,0,0,0
803,1.0,145.0,1.0,92.0,8.7,0,0,1,0,0,0,0,0,0
2612,1.0,80.0,5.0,84.0,7.5,0,0,0,1,0,0,0,0,0
2610,1.0,107.0,7.0,54.0,6.4,0,0,0,0,0,0,0,1,0
465,1.0,98.0,3.0,58.500851788756385,5.8,0,0,0,0,0,0,1,0,0
1610,1.0,90.0,2.0,44.0,7.7,0,0,0,1,0,0,1,0,0
229,1.0,99.0,65.0,86.0,7.3,0,1,0,0,0,0,0,0,0
344,1.0,98.0,23.0,79.0,7.0,1,0,0,0,0,0,0,0,0
700,1.0,109.0,21.0,80.0,7.3,0,0,0,1,0,0,0,1,0
1793,1.0,180.0,32.0,47.0,7.9,0,0,0,1,0,0,0,0,0
2125,1.0,85.0,15.0,65.0,6.6,0,0,0,1,0,0,0,0,0
1493,1.0,128.0,3.0,58.500851788756385,6.7,0,0,0,1,0,0,1,0,0
2442,1.0,93.0,29.0,70.0,6.7,0,0,0,1,0,0,1,0,0
1800,1.0,103.0,6.0,58.500851788756385,4.8,1,0,0,0,1,0,0,0,0
2370,1.0,89.0,4.0,59.0,7.9,0,0,0,1,0,0,0,0,0
612,1.0,88.0,203.0,59.0,6.5,0,0,0,1,0,1,0,0,0
1609,1.0,95.0,1.0,57.0,6.3,1,0,0,0,0,0,1,0,0
1694,1.0,102.0,4.0,58.500851788756385,7.0,0,0,0,0,0,0,0,0,0
313,1.0,126.0,13.0,58.500851788756385,6.7,0,0,0,1,0,0,0,1,0
2891,1.0,143.0,712.0,81.0,7.8,0,0,1,0,1,0,0,0,0
2253,1.0,117.0,839.0,52.0,7.6,0,0,0,1,1,0,0,0,0
2534,1.0,115.0,645.0,85.0,8.0,0,0,1,0,1,0,0,0,0
377,1.0,96.0,16.0,58.500851788756385,6.6,1,0,0,0,0,0,0,0,0
1005,1.0,91.0,20.0,33.0,5.4,0,0,0,0,1,0,0,0,0
956,1.0,124.0,1.0,82.0,8.7,0,0,1,0,1,0,0,0,0
704,1.0,102.0,15.0,70.0,7.0,0,0,0,1,0,0,1,0,0
993,1.0,104.0,173.0,40.0,5.5,0,0,0,1,1,0,0,0,0
435,1.0,99.0,18.0,58.500851788756385,6.6,0,0,0,1,0,0,1,0,0
793,1.0,201.0,40.0,84.0,7.6,0,0,1,0,0,0,0,1,0
1578,1.0,103.0,52.0,46.0,6.1,0,0,0,1,0,0,1,0,0
2737,1.0,105.0,158.0,42.0,5.9,1,0,0,0,1,0,0,0,0
257,1.0,110.0,12.0,58.500851788756385,5.6,1,0,0,0,0,0,1,0,0
2896,1.0,85.0,134.0,50.0,6.1,0,0,0,1,0,0,1,0,0
729,1.0,119.0,449.0,100.0,8.3,0,0,1,0,0,0,0,1,0
297,1.0,93.0,24.0,66.0,7.0,0,0,0,1,0,0,1,0,0
1612,1.0,103.0,935.0,69.0,6.0,1,0,0,0,0,0,0,1,0
1596,1.0,98.0,122.0,48.0,7.2,1,0,0,0,0,0,1,0,0
1782,1.0,105.0,296.0,21.0,3.5,0,0,0,0,0,0,0,1,0
1940,1.0,113.0,223.0,48.0,7.8,0,0,0,1,0,0,0,0,0
272,1.0,127.0,132.0,64.0,6.6,0,0,0,1,1,0,0,0,0
397,1.0,80.0,8.0,21.0,5.3,1,0,0,0,1,0,0,0,0
500,1.0,131.0,19.0,58.500851788756385,7.4,0,1,0,0,0,0,0,0,0
2446,1.0,120.0,108.0,77.0,7.3,0,0,0,1,1,0,0,0,0
478,1.0,109.0,9.0,58.500851788756385,5.9,1,0,0,0,0,0,0,0,1
76,1.0,115.0,548.0,58.500851788756385,7.4,0,0,0,1,0,0,0,1,0
3078,1.0,97.0,361.0,60.0,6.6,1,0,0,0,0,0,0,0,0
801,1.0,94.0,10.0,58.500851788756385,4.8,1,0,0,0,0,0,1,0,0
2851,1.0,113.0,343.0,60.0,7.5,0,1,0,0,1,0,0,0,0
1684,1.0,99.0,88.0,33.0,5.2,0,0,0,1,1,0,0,0,0
2051,1.0,97.0,44.0,68.0,6.3,0,0,0,1,1,0,0,0,0
2406,1.0,102.0,36.0,62.0,6.1,0,0,0,1,0,0,0,1,0
2378,1.0,96.0,2.0,66.0,6.3,0,0,0,0,0,0,1,0,0
1502,1.0,105.0,1.0,36.0,6.3,1,0,0,0,0,0,0,1,0
1295,1.0,87.0,426.0,74.0,7.3,0,0,0,0,0,0,0,0,0
421,1.0,154.0,139.0,58.0,6.8,0,1,0,0,0,0,0,1,0
2138,1.0,74.0,14.0,58.500851788756385,7.3,0,0,0,1,0,0,1,0,0
1863,1.0,89.0,21.0,34.0,5.8,0,0,0,1,0,0,0,0,0
2381,1.0,90.0,88.0,81.0,7.7,0,0,0,1,0,1,0,0,0
1534,1.0,142.0,264.0,52.0,6.8,0,1,0,0,1,0,0,0,0
901,1.0,103.0,2.0,58.500851788756385,5.0,1,0,0,0,0,0,0,1,0
1844,1.0,112.0,10.0,58.500851788756385,7.7,0,0,1,0,0,0,0,1,0
2196,1.0,84.0,27.0,47.0,5.9,1,0,0,0,0,0,1,0,0
3247,1.0,95.0,8.0,30.0,5.0,1,0,0,0,0,0,1,0,0
1743,1.0,96.0,11.0,36.0,5.5,1,0,0,0,1,0,0,0,0
539,1.0,96.0,920.0,58.0,6.6,0,0,0,1,1,0,0,0,0
917,1.0,120.0,422.0,92.0,8.1,0,0,1,0,0,0,0,1,0
262,1.0,110.0,21.0,86.0,7.3,0,1,0,0,0,0,1,0,0
2956,1.0,91.0,116.0,66.0,6.5,0,0,0,1,1,0,0,0,0
361,1.0,119.0,4.0,58.500851788756385,6.6,1,0,0,0,0,0,0,0,0
2728,1.0,93.0,426.0,69.0,7.1,0,0,1,0,0,1,0,0,0
161,1.0,91.0,80.0,63.0,7.0,0,0,0,1,0,0,0,1,0
347,1.0,116.0,374.0,78.0,7.3,0,0,1,0,1,0,0,0,0
130,1.0,98.0,8.0,73.0,6.6,0,0,0,1,0,0,1,0,0
89,1.0,98.0,180.0,58.500851788756385,8.1,0,0,0,1,0,0,0,0,0
3168,1.0,94.0,8.0,22.0,4.5,0,0,0,0,0,0,0,1,0
581,1.0,109.0,1.0,58.500851788756385,6.3,0,0,0,0,0,0,0,1,0
1737,1.0,88.0,213.0,73.0,6.8,0,0,0,1,1,0,0,0,0
2042,1.0,101.0,12.0,52.0,6.8,0,0,0,1,1,0,0,0,0
1045,1.0,95.0,3.0,58.500851788756385,5.2,0,0,0,0,0,0,0,1,0
1439,1.0,189.0,162.0,72.0,8.0,0,0,1,0,0,0,0,1,0
2280,1.0,89.0,98.0,34.0,6.1,0,0,0,0,0,0,0,0,1
2875,1.0,95.0,15.0,60.0,7.5,0,0,0,1,0,0,1,0,0
923,1.0,129.0,361.0,90.0,8.1,0,0,1,0,0,0,0,0,0
726,1.0,130.0,333.0,92.0,8.2,0,0,1,0,0,0,0,1,0
1536,1.0,97.0,2.0,37.0,5.5,0,0,0,0,0,0,1,0,0
2670,1.0,102.0,9.0,72.0,7.2,0,0,0,1,0,0,1,0,0
1575,1.0,298.0,1.0,58.500851788756385,7.4,0,0,0,1,0,0,1,0,0
3301,1.0,94.0,1.0,41.0,5.8,0,0,0,1,0,0,1,0,0
1512,1.0,104.0,18.0,56.0,7.0,0,0,0,1,0,0,1,0,0
391,1.0,121.0,32.0,58.500851788756385,6.2,1,0,0,0,1,0,0,0,0
1779,1.0,107.0,7.0,76.0,6.9,0,0,0,1,0,0,0,1,0
281,1.0,94.0,1.0,58.500851788756385,6.6,0,0,0,1,0,0,0,1,0
1798,1.0,101.0,15.0,43.0,5.4,0,0,0,0,1,0,0,0,0
625,1.0,115.0,806.0,58.500851788756385,6.7,0,0,0,1,0,0,0,1,0
577,1.0,108.0,5.0,58.500851788756385,5.6,0,0,0,0,0,0,1,0,0
3227,1.0,110.0,4.0,86.0,7.6,0,1,0,0,0,0,0,0,0
1549,1.0,121.0,163.0,83.0,8.1,0,0,1,0,0,0,0,1,0
24,1.0,111.0,128.0,82.0,7.5,0,0,1,0,0,0,0,1,0
1968,1.0,123.0,191.0,74.0,7.6,0,0,1,0,0,0,0,0,0
702,1.0,110.0,46.0,36.0,6.0,0,0,0,0,1,0,0,0,0
1806,1.0,94.0,6.0,58.500851788756385,5.3,0,0,0,0,0,0,1,0,0
2443,1.0,84.0,991.0,60.0,6.7,0,0,0,1,0,0,1,0,0
1236,1.0,111.0,8.0,70.0,6.7,0,0,0,1,0,0,0,0,0
716,1.0,84.0,39.0,30.0,5.8,1,0,0,0,1,0,0,0,0
2961,1.0,105.0,47.0,47.0,6.6,0,0,0,1,0,0,1,0,0
1423,1.0,118.0,3.0,58.500851788756385,7.3,0,0,0,1,0,0,0,0,0
2291,1.0,145.0,78.0,71.0,7.7,0,0,0,1,0,0,0,1,0
1079,1.0,109.0,472.0,50.0,6.9,0,0,1,0,1,0,0,0,0
653,1.0,136.0,845.0,77.0,8.3,0,1,0,0,0,0,0,0,0
2497,1.0,144.0,655.0,61.0,7.0,0,1,0,0,1,0,0,0,0
1501,1.0,94.0,11.0,20.0,5.5,1,0,0,0,0,0,1,0,0
962,1.0,115.0,46.0,37.0,4.5,0,0,0,1,0,0,1,0,0
2931,1.0,126.0,391.0,58.500851788756385,7.1,0,0,0,1,0,0,1,0,0
773,1.0,118.0,20.0,56.0,6.2,0,0,0,0,0,0,0,0,0
1976,1.0,87.0,3.0,63.0,5.9,1,0,0,0,0,0,1,0,0
559,1.0,60.0,476.0,58.500851788756385,7.4,0,1,0,0,0,0,0,0,0
1539,1.0,110.0,347.0,80.0,7.6,0,1,0,0,0,0,0,1,0
216,1.0,113.0,7.0,58.500851788756385,4.2,0,0,0,1,0,0,1,0,0
242,1.0,121.0,1.0,90.0,8.6,0,0,1,0,1,0,0,0,0
584,1.0,80.0,1.0,58.500851788756385,6.6,0,0,0,1,0,0,1,0,0
2897,1.0,92.0,11.0,38.0,6.1,0,0,0,0,0,0,0,1,0
1054,1.0,172.0,243.0,63.0,8.1,0,0,1,0,0,0,0,0,0
2261,1.0,120.0,127.0,85.0,7.1,0,0,0,1,0,0,0,1,0
606,1.0,79.0,70.0,78.0,6.7,0,1,0,0,0,1,0,0,0
2503,1.0,103.0,4.0,55.0,6.1,0,0,0,1,0,0,0,0,0
2499,1.0,138.0,602.0,71.0,7.5,0,0,0,1,1,0,0,0,0
20,1.0,105.0,85.0,82.0,6.9,0,0,0,1,0,0,1,0,0
507,1.0,117.0,785.0,84.0,8.1,0,1,0,0,1,0,0,0,0
2192,1.0,110.0,60.0,74.0,7.0,0,0,0,1,0,0,0,0,0
84,1.0,108.0,15.0,44.0,5.8,1,0,0,0,0,0,0,1,0
497,1.0,101.0,42.0,74.0,7.3,0,0,0,1,0,0,0,1,0
2792,1.0,114.0,43.0,49.0,7.0,0,0,0,0,0,0,1,0,0
838,1.0,93.0,24.0,24.0,3.1,1,0,0,0,0,0,1,0,0
2815,1.0,114.0,11.0,42.0,4.9,0,0,0,1,0,0,1,0,0
2018,1.0,84.0,26.0,27.0,5.9,0,0,0,0,0,0,1,0,0
2375,1.0,85.0,18.0,40.0,6.0,0,0,0,0,1,0,0,0,0
715,1.0,102.0,143.0,58.500851788756385,6.6,0,0,0,1,0,0,1,0,0
3025,1.0,89.0,65.0,67.0,7.0,0,0,0,1,0,0,1,0,0
2163,1.0,102.0,76.0,27.0,4.1,0,1,0,0,0,0,1,0,0
2966,1.0,90.0,24.0,34.0,4.7,0,0,0,0,0,0,0,0,1
314,1.0,87.0,1.0,58.500851788756385,7.1,0,0,0,1,0,0,0,1,0
2435,1.0,94.0,93.0,46.0,5.5,1,0,0,0,0,0,0,0,1
791,1.0,91.0,1.0,58.500851788756385,4.7,0,0,0,0,0,0,1,0,0
2763,1.0,110.0,144.0,72.0,6.1,0,0,0,1,0,0,1,0,0
86,1.0,112.0,33.0,64.0,7.1,0,0,0,1,0,0,1,0,0
629,1.0,127.0,37.0,65.0,6.6,1,0,0,0,0,0,0,0,0
1973,1.0,130.0,1.0,66.0,8.5,0,1,0,0,0,0,0,1,0
654,1.0,30.0,42.0,58.500851788756385,8.1,0,0,1,0,0,1,0,0,0
43,1.0,127.0,1.0,65.0,8.6,0,1,0,0,0,0,0,0,0
1451,1.0,94.0,22.0,64.0,6.8,0,1,0,0,1,0,0,0,0
1913,1.0,87.0,20.0,21.0,4.6,1,0,0,0,1,0,0,0,0
148,1.0,119.0,20.0,93.0,8.0,0,0,0,1,0,0,0,0,0
425,1.0,115.0,12.0,58.0,6.5,0,1,0,0,0,0,0,1,0
2535,1.0,110.0,24.0,21.0,3.1,1,0,0,0,0,0,1,0,0
458,1.0,115.0,30.0,62.0,6.7,1,0,0,0,0,0,0,1,0
1742,1.0,91.0,23.0,38.0,5.3,0,0,0,1,0,0,0,0,0
3046,1.0,138.0,180.0,86.0,7.1,0,1,0,0,0,0,0,1,0
1579,1.0,102.0,662.0,64.0,7.6,0,0,0,1,0,0,0,0,0
2543,1.0,131.0,56.0,82.0,7.5,0,0,0,1,0,0,0,0,0
173,1.0,94.0,5.0,55.0,6.5,1,0,0,0,0,0,1,0,0
876,1.0,113.0,25.0,94.0,7.5,0,1,0,0,0,0,1,0,0
1927,1.0,103.0,3.0,73.0,6.9,0,0,0,1,0,0,0,1,0
329,1.0,142.0,2.0,82.0,8.8,0,0,1,0,0,0,0,1,0
1098,1.0,88.0,18.0,83.0,8.0,0,0,1,0,0,0,0,0,0
125,1.0,91.0,969.0,60.0,6.2,0,0,0,1,0,0,0,1,0
1788,1.0,130.0,4.0,62.0,5.9,0,0,0,1,0,0,0,1,0
99,1.0,95.0,340.0,58.500851788756385,6.9,0,0,0,0,0,0,0,0,0
192,1.0,102.0,35.0,54.0,6.7,0,0,0,1,0,0,0,1,0
353,1.0,191.0,52.0,47.0,6.7,0,1,0,0,1,0,0,0,0
2275,1.0,102.0,1.0,52.0,6.4,0,0,0,1,0,0,0,1,0
141,1.0,100.0,5.0,58.500851788756385,6.5,0,0,0,1,1,0,0,0,0
1984,1.0,96.0,3.0,52.0,6.4,0,0,0,1,0,0,1,0,0
1830,1.0,161.0,68.0,95.0,8.0,0,1,0,0,0,0,0,1,0
768,1.0,99.0,148.0,76.0,7.1,1,0,0,0,1,0,0,0,0
2423,1.0,122.0,357.0,62.0,6.9,0,0,0,1,0,0,0,0,0
484,1.0,118.0,12.0,58.500851788756385,5.9,1,0,0,0,0,0,1,0,0
3134,1.0,118.0,50.0,62.0,7.1,0,1,0,0,1,0,0,0,0
1751,1.0,87.0,2.0,59.0,6.6,1,0,0,0,0,0,0,0,0
1259,1.0,122.0,39.0,71.0,6.2,0,0,0,1,1,0,0,0,0
557,1.0,101.0,4.0,49.0,6.0,1,0,0,0,0,0,0,0,0
1854,1.0,112.0,134.0,24.0,5.8,0,1,0,0,1,0,0,0,0
569,1.0,120.0,90.0,76.0,7.3,0,1,0,0,0,0,0,1,0
1059,1.0,79.0,101.0,61.0,7.1,0,1,0,0,0,1,0,0,0
124,1.0,115.0,34.0,39.0,6.2,1,0,0,0,0,0,1,0,0
333,1.0,123.0,12.0,58.500851788756385,5.3,0,0,0,0,1,0,0,0,0
813,1.0,132.0,5.0,58.500851788756385,5.8,1,0,0,0,0,0,0,1,0
2162,1.0,121.0,113.0,35.0,6.1,1,0,0,0,1,0,0,0,0
1453,1.0,95.0,3.0,58.500851788756385,5.1,1,0,0,0,1,0,0,0,0
2735,1.0,110.0,74.0,41.0,5.7,1,0,0,0,0,0,1,0,0
1868,1.0,86.0,25.0,47.0,6.2,1,0,0,0,0,0,0,0,0
607,1.0,97.0,50.0,51.0,6.2,0,0,0,1,0,0,0,1,0
163,1.0,109.0,18.0,58.500851788756385,6.0,0,0,0,1,0,0,0,0,1
1924,1.0,100.0,3.0,32.0,5.8,1,0,0,0,0,0,0,1,0
1925,1.0,112.0,9.0,40.0,6.1,1,0,0,0,0,0,1,0,0
1445,1.0,99.0,18.0,45.0,5.7,1,0,0,0,0,0,1,0,0
162,1.0,90.0,19.0,81.0,7.5,0,0,0,1,0,0,1,0,0
2142,1.0,80.0,7.0,96.0,7.2,0,0,0,1,0,0,0,1,0
2238,1.0,100.0,6.0,62.0,5.6,0,0,0,0,0,0,1,0,0
767,1.0,101.0,77.0,54.0,5.7,1,0,0,0,1,0,0,0,0
903,1.0,109.0,32.0,68.0,7.6,0,0,1,0,0,0,0,1,0
327,1.0,128.0,7.0,66.0,6.4,1,0,0,0,0,0,0,0,0
1442,1.0,102.0,1.0,58.500851788756385,5.2,0,0,0,0,1,0,0,0,0
739,1.0,93.0,4.0,58.500851788756385,6.9,0,0,0,0,1,0,0,0,0
2386,1.0,113.0,13.0,73.0,6.8,0,0,0,1,0,0,0,1,0
362,1.0,60.0,1.0,58.500851788756385,7.3,0,0,0,1,0,1,0,0,0
2478,1.0,90.0,32.0,66.0,6.9,0,0,0,1,1,0,0,0,0
2339,1.0,93.0,4.0,34.0,5.7,0,0,0,0,0,0,0,1,0
562,1.0,95.0,13.0,41.0,5.2,0,0,0,0,0,0,0,0,1
1022,1.0,108.0,37.0,42.0,5.4,1,0,0,0,0,0,0,0,1
1039,1.0,98.0,434.0,77.0,8.0,0,1,0,0,1,0,0,0,0
1085,1.0,134.0,6.0,58.500851788756385,7.1,0,0,0,1,0,0,1,0,0
501,1.0,188.0,46.0,81.0,7.7,0,1,0,0,0,0,1,0,0
1931,1.0,109.0,639.0,22.0,5.1,0,0,0,0,1,0,0,0,0
1943,1.0,97.0,33.0,50.0,5.5,0,0,0,1,0,0,0,0,1
2094,1.0,105.0,25.0,49.0,6.0,0,1,0,0,0,0,0,1,0
1454,1.0,97.0,808.0,58.500851788756385,6.8,0,0,0,0,0,0,1,0,0
1031,1.0,95.0,120.0,62.0,5.7,0,0,1,0,0,0,1,0,0
1042,1.0,110.0,28.0,55.0,5.8,1,0,0,0,0,0,0,0,1
624,1.0,107.0,9.0,48.0,5.2,0,0,0,0,1,0,0,0,0
1254,1.0,81.0,248.0,60.0,6.7,0,0,0,0,0,0,0,0,0
1855,1.0,130.0,83.0,73.0,6.5,0,1,0,0,1,0,0,0,0
964,1.0,125.0,7.0,55.0,6.3,0,0,0,0,0,0,0,0,0
364,1.0,92.0,3.0,58.500851788756385,6.7,0,0,0,1,1,0,0,0,0
1930,1.0,110.0,26.0,43.0,6.4,1,0,0,0,0,0,0,0,0
1538,1.0,92.0,7.0,58.500851788756385,6.5,0,0,0,0,0,0,0,0,0
567,1.0,85.0,23.0,21.0,5.0,0,0,0,1,0,0,0,0,1
62,1.0,93.0,9.0,29.0,2.5,1,0,0,0,1,0,0,0,0
376,1.0,105.0,5.0,58.500851788756385,6.5,0,0,0,0,0,0,0,0,0
2202,1.0,85.0,1.0,63.0,7.1,0,0,0,0,0,0,0,0,0
1962,1.0,137.0,113.0,75.0,7.5,0,1,0,0,0,0,0,1,0
321,1.0,98.0,40.0,58.500851788756385,7.4,0,0,1,0,0,0,1,0,0
2385,1.0,105.0,4.0,71.0,7.3,0,0,0,1,0,0,0,1,0
482,1.0,128.0,18.0,44.0,6.2,0,0,0,0,0,0,1,0,0
695,1.0,90.0,24.0,58.500851788756385,7.6,0,0,0,1,0,0,1,0,0
2644,1.0,110.0,97.0,44.0,6.4,1,0,0,0,0,0,1,0,0
2577,1.0,93.0,17.0,13.0,3.2,0,0,0,1,0,0,1,0,0
3192,1.0,97.0,39.0,55.0,6.7,1,0,0,0,0,0,1,0,0
879,1.0,115.0,138.0,66.0,7.7,0,0,0,1,0,0,0,0,0
1583,1.0,108.0,6.0,82.0,7.6,0,0,0,1,0,0,0,0,0
2527,1.0,110.0,13.0,33.0,4.5,0,0,0,0,1,0,0,0,0
9,1.0,130.0,262.0,65.0,7.2,0,0,0,1,1,0,0,0,0
1056,1.0,129.0,268.0,83.0,8.3,0,0,1,0,0,0,1,0,0
1473,1.0,120.0,106.0,93.0,8.0,0,1,0,0,0,0,1,0,0
1858,1.0,95.0,6.0,42.0,6.0,0,0,0,1,0,0,1,0,0
2736,1.0,112.0,89.0,54.0,6.3,0,0,0,1,0,0,1,0,0
486,1.0,104.0,130.0,44.0,6.7,1,0,0,0,1,0,0,0,0
3052,1.0,108.0,3.0,48.0,5.8,0,0,0,0,0,0,1,0,0
2080,1.0,88.0,3.0,58.500851788756385,6.9,0,0,0,1,0,0,0,1,0
270,1.0,109.0,23.0,58.500851788756385,6.5,0,0,0,0,0,0,1,0,0
2343,1.0,98.0,4.0,58.500851788756385,6.3,0,0,0,0,0,0,0,1,0
1629,1.0,121.0,182.0,42.0,6.2,0,0,0,1,1,0,0,0,0
182,1.0,108.0,82.0,49.0,5.8,0,0,0,1,1,0,0,0,0
372,1.0,86.0,100.0,49.0,6.1,0,0,0,1,0,1,0,0,0
384,1.0,99.0,13.0,58.500851788756385,5.2,0,0,0,0,1,0,0,0,0
2420,1.0,91.0,13.0,58.500851788756385,5.1,0,0,0,0,1,0,0,0,0
1597,1.0,90.0,17.0,31.0,5.9,1,0,0,0,0,0,0,1,0
463,1.0,111.0,49.0,80.0,7.3,0,0,0,1,0,0,1,0,0
308,1.0,99.0,3.0,69.0,6.1,1,0,0,0,0,0,0,0,0
413,1.0,91.0,7.0,33.0,5.7,0,0,0,0,0,0,1,0,0
2433,1.0,102.0,73.0,72.0,7.2,0,0,0,1,0,0,1,0,0
2033,1.0,94.0,111.0,55.0,6.8,1,0,0,0,1,0,0,0,0
1023,1.0,87.0,167.0,58.500851788756385,7.3,1,0,0,0,0,0,0,0,0
3260,1.0,99.0,1.0,58.0,6.6,0,0,0,1,0,0,0,1,0
1486,1.0,88.0,58.0,45.0,6.0,0,0,0,1,1,0,0,0,0
518,1.0,110.0,109.0,35.0,5.7,1,0,0,0,1,0,0,0,0
1847,1.0,114.0,20.0,87.0,7.9,0,0,0,1,0,0,1,0,0
897,1.0,98.0,47.0,58.500851788756385,6.7,0,0,0,1,1,0,0,0,0
2232,1.0,94.0,1.0,64.0,6.1,1,0,0,0,0,0,0,1,0
410,1.0,115.0,183.0,34.0,6.7,0,0,0,1,1,0,0,0,0
290,1.0,103.0,9.0,58.500851788756385,7.4,0,0,0,1,0,0,0,1,0
1851,1.0,104.0,22.0,43.0,6.5,1,0,0,0,0,0,0,0,0
3013,1.0,90.0,36.0,68.0,6.4,0,0,0,1,0,0,0,0,0
3033,1.0,92.0,6.0,41.0,6.4,0,0,0,1,0,0,1,0,0
2395,1.0,100.0,284.0,78.0,6.9,0,0,0,1,1,0,0,0,0
820,1.0,92.0,60.0,58.500851788756385,7.8,0,0,0,1,0,0,1,0,0
834,1.0,96.0,1.0,58.500851788756385,6.3,0,0,0,1,0,0,0,1,0
16,1.0,136.0,119.0,84.0,7.7,0,0,1,0,0,0,0,1,0
1909,1.0,88.0,6.0,37.0,5.6,0,0,0,1,0,0,1,0,0
1817,1.0,88.0,271.0,48.0,6.2,0,0,0,1,0,0,1,0,0
171,1.0,114.0,70.0,51.0,6.0,0,0,0,1,1,0,0,0,0
275,1.0,94.0,1.0,58.500851788756385,5.2,0,0,0,0,0,0,1,0,0
2101,1.0,84.0,11.0,33.0,4.6,1,0,0,0,1,0,0,0,0
2605,1.0,86.0,152.0,49.0,6.6,1,0,0,0,1,0,0,0,0
105,1.0,117.0,1.0,58.500851788756385,8.1,0,0,1,0,0,0,0,0,0
1046,1.0,193.0,63.0,91.0,7.8,0,0,1,0,1,0,0,0,0
929,1.0,111.0,93.0,89.0,7.6,0,1,0,0,0,0,0,1,0
1841,1.0,88.0,40.0,66.0,6.7,0,0,0,1,0,0,1,0,0
1540,1.0,96.0,1.0,58.500851788756385,6.4,0,0,0,0,1,0,0,0,0
185,1.0,99.0,1.0,58.500851788756385,5.0,1,0,0,0,0,0,0,0,0
19,1.0,110.0,42.0,58.500851788756385,5.7,1,0,0,0,1,0,0,0,0
2519,1.0,109.0,3.0,58.500851788756385,7.0,0,0,1,0,1,0,0,0,0
1215,1.0,86.0,67.0,12.0,3.4,0,0,0,1,0,1,0,0,0
517,1.0,76.0,350.0,82.0,7.9,0,1,0,0,0,1,0,0,0
380,1.0,139.0,62.0,90.0,7.2,0,0,1,0,0,0,0,1,0
3162,1.0,110.0,264.0,53.0,6.8,0,0,0,1,0,0,0,0,1
787,1.0,116.0,756.0,78.0,8.3,0,1,0,0,0,0,0,1,0
2081,1.0,180.0,59.0,73.0,6.8,0,0,0,1,0,0,0,1,0
230,1.0,113.0,7.0,58.500851788756385,5.9,0,0,0,0,0,0,1,0,0
2019,1.0,117.0,42.0,54.0,7.0,0,0,0,1,0,0,0,0,0
657,1.0,108.0,147.0,80.0,7.5,0,0,1,0,0,0,1,0,0
1624,1.0,90.0,68.0,71.0,7.8,0,0,0,1,0,0,1,0,0
990,1.0,101.0,99.0,55.0,6.4,0,0,0,1,0,0,0,1,0
395,1.0,107.0,12.0,26.0,4.7,0,0,0,1,0,0,0,1,0
937,1.0,103.0,5.0,58.500851788756385,4.9,0,0,0,0,1,0,0,0,0
2140,1.0,86.0,8.0,40.0,5.9,0,0,0,1,0,0,1,0,0
589,1.0,113.0,61.0,31.0,5.8,1,0,0,0,0,0,1,0,0
3189,1.0,83.0,5.0,51.0,5.3,1,0,0,0,0,0,0,1,0
2583,1.0,91.0,289.0,87.0,7.7,0,0,0,1,0,0,0,0,1
325,1.0,115.0,10.0,65.0,7.0,1,0,0,0,0,0,1,0,0
2025,1.0,116.0,67.0,56.0,6.8,1,0,0,0,1,0,0,0,0
2102,1.0,115.0,26.0,44.0,5.4,1,0,0,0,0,0,0,1,0
307,1.0,119.0,4.0,58.500851788756385,7.4,0,0,0,1,0,0,1,0,0
3028,1.0,91.0,4.0,81.0,7.5,0,0,0,1,0,0,0,0,0
2822,1.0,108.0,61.0,42.0,6.1,0,0,0,1,1,0,0,0,0
200,1.0,89.0,149.0,16.0,6.3,1,0,0,0,0,0,1,0,0
417,1.0,101.0,15.0,58.500851788756385,6.7,1,0,0,0,0,0,1,0,0
2134,1.0,99.0,5.0,44.0,5.5,0,0,0,1,0,0,1,0,0
356,1.0,96.0,5.0,58.500851788756385,5.7,1,0,0,0,0,0,1,0,0
1537,1.0,68.0,2.0,58.500851788756385,6.6,0,0,0,1,1,0,0,0,0
249,1.0,98.0,8.0,64.0,6.7,0,0,0,1,0,0,0,0,0
143,1.0,91.0,17.0,58.500851788756385,5.9,0,0,0,0,1,0,0,0,0
1570,1.0,105.0,41.0,56.0,6.3,0,0,0,0,0,0,1,0,0
1081,1.0,95.0,106.0,99.0,8.0,0,0,0,1,0,0,0,0,0
1438,1.0,107.0,10.0,55.0,5.5,0,0,0,0,1,0,0,0,0
2580,1.0,108.0,2.0,40.0,5.4,1,0,0,0,0,0,0,0,0
669,1.0,108.0,424.0,53.0,6.4,0,0,1,0,1,0,0,0,0
2618,1.0,122.0,62.0,56.0,6.7,0,0,0,1,1,0,0,0,0
339,1.0,101.0,397.0,56.0,6.9,0,1,0,0,1,0,0,0,0
2049,1.0,90.0,12.0,43.0,5.3,0,0,0,1,1,0,0,0,0
731,1.0,98.0,108.0,60.0,7.0,0,0,0,1,1,0,0,0,0
825,1.0,108.0,8.0,58.500851788756385,5.8,1,0,0,0,0,0,1,0,0
1889,1.0,97.0,6.0,64.0,5.9,1,0,0,0,0,0,1,0,0
2157,1.0,108.0,149.0,45.0,6.6,0,0,0,1,1,0,0,0,0
274,1.0,113.0,2.0,58.500851788756385,6.0,0,0,0,0,0,0,1,0,0
2190,1.0,95.0,13.0,38.0,7.1,1,0,0,0,0,0,1,0,0
2403,1.0,93.0,320.0,58.0,6.1,0,0,0,1,0,1,0,0,0
2021,1.0,82.0,15.0,54.0,6.5,0,0,0,1,0,0,1,0,0
284,1.0,108.0,1.0,58.500851788756385,6.4,0,1,0,0,0,0,1,0,0
905,1.0,133.0,1.0,84.0,8.7,0,0,1,0,0,0,0,1,0
2377,1.0,101.0,4.0,34.0,4.9,0,0,0,0,0,0,0,0,1
85,1.0,100.0,24.0,27.0,4.6,1,0,0,0,0,0,1,0,0
973,1.0,140.0,183.0,62.0,7.5,0,0,1,0,1,0,0,0,0
91,1.0,106.0,828.0,58.500851788756385,6.6,1,0,0,0,0,0,0,0,0
346,1.0,111.0,47.0,63.0,6.5,1,0,0,0,1,0,0,0,0
352,1.0,125.0,58.0,58.500851788756385,6.2,0,0,0,1,0,0,0,1,0
357,1.0,108.0,7.0,58.500851788756385,5.9,1,0,0,0,1,0,0,0,0
145,1.0,128.0,22.0,71.0,6.9,1,0,0,0,0,0,0,0,0
978,1.0,100.0,6.0,59.0,6.4,0,0,0,0,0,0,1,0,0
1262,1.0,100.0,19.0,89.0,7.2,0,0,0,1,0,0,0,1,0
1055,1.0,117.0,7.0,58.500851788756385,7.0,0,0,0,1,0,0,0,1,0
2634,1.0,92.0,1.0,77.0,6.3,0,0,0,1,0,0,0,1,0
102,1.0,114.0,859.0,94.0,8.2,0,1,0,0,0,0,0,0,0
2311,1.0,93.0,173.0,64.0,6.3,0,0,0,1,0,0,1,0,0
2991,1.0,91.0,2.0,58.500851788756385,6.1,1,0,0,0,0,0,0,1,0
1944,1.0,140.0,8.0,58.500851788756385,7.2,0,0,0,1,0,0,0,1,0
3242,1.0,88.0,68.0,40.0,4.6,0,0,0,1,0,0,0,0,1
771,1.0,101.0,38.0,58.500851788756385,6.7,0,0,0,1,0,0,1,0,0
1542,1.0,98.0,3.0,58.500851788756385,6.7,1,0,0,0,0,0,1,0,0
427,1.0,109.0,8.0,31.0,4.8,1,0,0,0,0,0,1,0,0
1733,1.0,101.0,159.0,45.0,6.7,0,0,0,1,1,0,0,0,0
277,1.0,124.0,2.0,58.500851788756385,6.4,0,0,0,1,0,0,0,1,0
2619,1.0,121.0,74.0,65.0,7.2,0,1,0,0,0,0,0,0,0
31,1.0,121.0,5.0,58.500851788756385,6.8,0,0,0,1,0,0,0,0,0
2487,1.0,132.0,173.0,48.0,6.5,0,0,0,1,1,0,0,0,0
3077,1.0,100.0,40.0,63.0,6.7,0,0,0,1,1,0,0,0,0
483,1.0,129.0,47.0,56.0,6.2,0,0,0,1,1,0,0,0,0
1648,1.0,91.0,55.0,47.0,7.0,1,0,0,0,1,0,0,0,0
1044,1.0,113.0,28.0,61.0,7.0,0,0,0,1,0,0,1,0,0
831,1.0,130.0,470.0,89.0,8.6,0,1,0,0,0,0,0,1,0
710,1.0,109.0,57.0,61.0,7.3,0,0,0,1,0,0,0,0,0
1885,1.0,87.0,16.0,57.0,6.2,1,0,0,0,0,0,1,0,0
1556,1.0,107.0,14.0,23.0,5.3,1,0,0,0,0,0,1,0,0
2,1.0,101.0,28.0,46.0,6.6,0,0,0,1,0,0,1,0,0
1685,1.0,81.0,706.0,22.0,5.4,0,0,0,1,1,0,0,0,0
168,1.0,105.0,3.0,58.500851788756385,5.7,0,0,0,0,0,0,1,0,0
2588,1.0,110.0,5.0,58.500851788756385,7.1,0,0,0,0,0,0,1,0,0
1506,1.0,87.0,8.0,58.500851788756385,5.7,0,0,0,1,0,0,0,1,0
3298,1.0,88.0,5.0,80.0,6.3,0,0,0,1,0,0,0,1,0
420,1.0,96.0,14.0,42.0,6.2,0,0,0,0,0,0,1,0,0
3161,1.0,129.0,68.0,79.0,7.7,0,0,0,1,0,0,0,0,0
80,1.0,88.0,12.0,54.0,5.3,1,0,0,0,1,0,0,0,0
23,1.0,111.0,31.0,58.500851788756385,6.6,0,0,0,1,0,0,0,1,0
2159,1.0,86.0,107.0,17.0,2.4,0,0,0,1,1,0,0,0,0
1471,1.0,84.0,15.0,79.0,6.8,0,0,0,1,0,0,1,0,0
2350,1.0,127.0,1.0,73.0,6.8,0,0,0,1,0,0,1,0,0
39,1.0,117.0,9.0,66.0,6.6,0,0,1,0,0,0,0,0,0
2360,1.0,102.0,36.0,36.0,6.1,1,0,0,0,0,0,0,0,0
828,1.0,145.0,584.0,59.0,7.0,0,0,1,0,1,0,0,0,0
2283,1.0,124.0,344.0,53.0,7.1,1,0,0,0,1,0,0,0,0
340,1.0,127.0,114.0,62.0,7.0,0,1,0,0,1,0,0,0,0
177,1.0,135.0,15.0,58.500851788756385,5.3,0,0,0,1,0,0,0,1,0
294,1.0,142.0,2.0,82.0,9.3,0,1,0,0,0,0,0,1,0
1179,1.0,112.0,22.0,66.0,6.7,0,0,0,1,0,0,0,1,0
264,1.0,98.0,3.0,58.500851788756385,6.6,1,0,0,0,0,0,0,0,0
1720,1.0,114.0,25.0,85.0,6.9,0,1,0,0,0,0,1,0,0
893,1.0,101.0,2.0,58.500851788756385,6.2,0,0,0,0,0,0,0,0,0
2287,1.0,123.0,6.0,65.0,6.3,0,0,0,1,0,0,0,0,0
232,1.0,100.0,29.0,42.0,6.6,0,0,0,0,0,0,1,0,0
920,1.0,109.0,27.0,59.0,6.2,0,1,0,0,0,0,1,0,0
609,1.0,91.0,2.0,58.500851788756385,5.8,1,0,0,0,0,0,1,0,0
961,1.0,94.0,28.0,72.0,7.2,0,0,0,1,0,0,1,0,0
1614,1.0,83.0,4.0,58.500851788756385,3.6,0,0,0,0,0,0,0,0,1
3205,1.0,87.0,1.0,69.0,6.9,0,0,0,0,0,0,0,0,0
2043,1.0,93.0,39.0,36.0,5.4,0,0,0,1,0,0,0,0,1
2303,1.0,105.0,3.0,69.0,6.1,1,0,0,0,1,0,0,0,0
174,1.0,98.0,32.0,44.0,6.4,0,0,0,1,1,0,0,0,0
967,1.0,126.0,17.0,61.0,7.1,0,0,0,0,1,0,0,0,0
2502,1.0,111.0,5.0,58.500851788756385,6.2,0,0,0,0,1,0,0,0,0
1905,1.0,117.0,30.0,30.0,5.7,0,0,0,1,1,0,0,0,0
681,1.0,102.0,33.0,44.0,6.2,0,0,0,1,0,0,1,0,0
2706,1.0,91.0,43.0,26.0,5.8,1,0,0,0,0,0,1,0,0
2608,1.0,112.0,16.0,24.0,4.8,1,0,0,0,0,0,0,0,0
3199,1.0,100.0,8.0,67.0,6.2,0,0,0,1,0,0,0,1,0
1123,1.0,98.0,8.0,36.0,6.0,0,0,0,0,0,0,1,0,0
2233,1.0,89.0,2.0,72.0,7.9,0,0,0,1,0,0,0,0,0
1004,1.0,110.0,63.0,46.0,6.8,0,0,1,0,1,0,0,0,0
2314,1.0,111.0,6.0,43.0,5.5,1,0,0,0,1,0,0,0,0
2268,1.0,96.0,14.0,57.0,6.1,0,0,0,1,0,0,0,1,0
140,1.0,100.0,46.0,58.500851788756385,7.7,0,0,0,1,0,0,0,1,0
867,1.0,96.0,142.0,83.0,7.8,0,1,0,0,0,0,1,0,0
404,1.0,121.0,24.0,36.0,5.2,0,0,0,1,0,0,0,1,0
586,1.0,109.0,3.0,71.0,7.1,0,0,0,1,0,0,1,0,0
1880,1.0,91.0,472.0,64.0,6.7,0,0,0,1,0,0,0,1,0
2362,1.0,113.0,53.0,23.0,6.0,1,0,0,0,1,0,0,0,0
1560,1.0,104.0,2.0,46.0,6.6,0,0,0,1,0,0,1,0,0
1718,1.0,124.0,64.0,58.0,7.2,1,0,0,0,1,0,0,0,0
1678,1.0,125.0,109.0,43.0,6.7,0,0,0,1,1,0,0,0,0
2528,1.0,87.0,339.0,80.0,7.3,0,0,0,1,0,1,0,0,0
3302,1.0,88.0,12.0,35.0,5.6,0,0,0,0,0,0,0,1,0
3113,1.0,109.0,19.0,46.0,6.9,1,0,0,0,0,0,1,0,0
2373,1.0,115.0,41.0,47.0,6.3,1,0,0,0,0,1,0,0,0
1730,1.0,102.0,4.0,58.500851788756385,4.3,1,0,0,0,1,0,0,0,0
737,1.0,95.0,1.0,58.500851788756385,4.4,0,0,0,0,1,0,0,0,0
2779,1.0,136.0,676.0,66.0,6.9,0,0,0,1,1,0,0,0,0
2405,1.0,169.0,668.0,50.0,7.1,0,1,0,0,1,0,0,0,0
2095,1.0,110.0,4.0,75.0,7.1,0,0,0,1,0,0,0,1,0
1662,1.0,94.0,6.0,58.500851788756385,6.4,0,0,0,1,0,0,1,0,0
1552,1.0,105.0,36.0,86.0,7.6,0,1,0,0,0,0,1,0,0
2067,1.0,114.0,19.0,73.0,6.9,0,0,0,1,0,0,1,0,0
3095,1.0,137.0,49.0,73.0,7.5,0,1,0,0,0,0,0,0,0
2530,1.0,104.0,76.0,50.0,6.3,1,0,0,0,0,0,1,0,0
1911,1.0,94.0,373.0,42.0,5.9,0,0,0,1,0,0,0,1,0
1040,1.0,113.0,249.0,58.500851788756385,5.7,0,0,0,0,0,0,0,1,0
452,1.0,130.0,156.0,44.0,6.4,0,0,0,1,1,0,0,0,0
2611,1.0,123.0,288.0,85.0,7.8,0,0,1,0,0,0,0,1,0
659,1.0,92.0,2.0,58.500851788756385,6.2,1,0,0,0,0,0,1,0,0
432,1.0,97.0,26.0,68.0,7.0,0,0,0,1,0,0,0,0,0
2114,1.0,95.0,13.0,82.0,7.1,0,1,0,0,0,0,1,0,0
2254,1.0,99.0,13.0,42.0,5.5,1,0,0,0,0,0,0,0,1
553,1.0,84.0,463.0,95.0,8.0,0,0,1,0,0,1,0,0,0
1452,1.0,72.0,15.0,58.500851788756385,6.0,0,0,0,0,0,1,0,0,0
13,1.0,192.0,31.0,66.0,7.1,0,1,0,0,0,0,0,0,0
1107,1.0,96.0,1.0,63.0,7.6,0,0,0,1,0,0,0,0,0
444,1.0,118.0,22.0,76.0,7.3,0,1,0,0,0,0,0,0,0
156,1.0,105.0,71.0,46.0,6.2,0,0,0,0,0,0,0,0,0
3172,1.0,99.0,13.0,82.0,7.6,1,0,0,0,0,0,0,0,0
664,1.0,80.0,908.0,58.500851788756385,6.7,0,0,0,0,0,0,0,1,0
550,1.0,126.0,385.0,69.0,7.5,0,0,1,0,1,0,0,0,0
2668,1.0,116.0,29.0,68.0,6.5,0,0,0,1,0,0,1,0,0
202,1.0,115.0,13.0,61.0,6.5,0,0,0,1,0,0,1,0,0
445,1.0,112.0,3.0,58.500851788756385,5.3,0,0,0,0,0,0,1,0,0
387,1.0,92.0,19.0,37.0,5.0,0,0,0,1,0,0,1,0,0
2461,1.0,90.0,8.0,64.0,7.2,0,0,0,1,0,0,1,0,0
1942,1.0,97.0,53.0,41.0,6.4,0,0,0,1,0,0,0,0,1
728,1.0,105.0,181.0,67.0,6.9,0,1,0,0,1,0,0,0,0
524,1.0,112.0,515.0,58.500851788756385,5.1,0,0,0,1,0,0,1,0,0
2327,1.0,103.0,2.0,58.500851788756385,7.7,0,0,0,1,0,0,1,0,0
3009,1.0,82.0,93.0,66.0,7.5,0,0,0,1,0,0,0,0,0
382,1.0,107.0,9.0,58.500851788756385,5.5,0,0,0,0,0,0,1,0,0
67,1.0,96.0,14.0,75.0,6.7,1,0,0,0,0,0,1,0,0
375,1.0,95.0,73.0,53.0,7.1,0,0,0,1,0,0,0,1,0
598,1.0,103.0,99.0,49.0,6.4,0,1,0,0,1,0,0,0,0
2007,1.0,117.0,98.0,47.0,6.9,0,0,0,1,0,0,1,0,0
778,1.0,98.0,9.0,58.500851788756385,5.4,0,0,0,0,1,0,0,0,0
2748,1.0,145.0,5.0,35.0,6.5,0,0,0,1,0,0,0,1,0
2104,1.0,94.0,39.0,39.0,6.0,0,0,0,1,0,1,0,0,0
1489,1.0,109.0,3.0,34.0,6.1,1,0,0,0,1,0,0,0,0
986,1.0,96.0,170.0,56.0,6.1,0,0,0,1,0,0,1,0,0
411,1.0,109.0,2.0,58.500851788756385,7.6,0,0,0,0,0,0,0,0,0
390,1.0,106.0,8.0,58.500851788756385,6.2,1,0,0,0,0,0,0,0,0
231,1.0,121.0,25.0,58.500851788756385,7.4,1,0,0,0,0,0,0,0,0
698,1.0,97.0,46.0,51.0,7.1,0,0,0,0,0,0,1,0,0
1675,1.0,122.0,1.0,58.500851788756385,6.3,0,0,0,1,0,0,0,1,0
2548,1.0,107.0,4.0,39.0,6.1,0,0,0,0,0,0,1,0,0
1443,1.0,97.0,5.0,16.0,3.2,0,0,0,1,1,0,0,0,0
33,1.0,51.0,302.0,58.500851788756385,6.5,0,0,0,0,1,0,0,0,0
3010,1.0,102.0,37.0,65.0,8.4,0,0,0,1,0,0,0,0,0
48,1.0,95.0,41.0,59.0,7.0,0,0,1,0,0,0,1,0,0
877,1.0,133.0,32.0,60.0,7.1,0,1,0,0,0,0,0,0,0
115,1.0,87.0,243.0,58.500851788756385,7.1,0,0,0,1,0,0,0,0,0
3300,1.0,81.0,17.0,71.0,6.7,1,0,0,0,0,0,0,1,0
296,1.0,96.0,2.0,58.500851788756385,6.5,0,0,0,1,0,0,0,1,0
3027,1.0,110.0,13.0,60.0,7.4,0,0,0,1,0,0,1,0,0
245,1.0,101.0,3.0,58.500851788756385,7.4,0,0,0,1,0,0,0,1,0
1572,1.0,107.0,436.0,47.0,7.8,0,1,0,0,1,0,0,0,0
30,1.0,91.0,128.0,83.0,6.9,0,0,1,0,0,0,1,0,0
1873,1.0,124.0,19.0,75.0,6.7,0,0,0,1,1,0,0,0,0
980,1.0,114.0,8.0,58.500851788756385,6.1,0,0,0,0,0,0,1,0,0
1831,1.0,110.0,16.0,34.0,5.4,1,0,0,0,1,0,0,0,0
3269,1.0,100.0,3.0,58.500851788756385,7.0,0,0,0,1,0,0,0,1,0
3038,1.0,110.0,17.0,43.0,6.1,1,0,0,0,0,0,0,1,0
3096,1.0,101.0,79.0,31.0,5.5,0,0,0,1,0,0,0,1,0
1960,1.0,95.0,32.0,43.0,6.2,0,0,0,1,1,0,0,0,0
2195,1.0,98.0,207.0,58.500851788756385,6.4,1,0,0,0,0,0,0,0,0
1853,1.0,100.0,118.0,27.0,5.7,0,0,0,1,0,0,1,0,0
1522,1.0,113.0,113.0,62.0,7.4,0,0,0,1,0,0,0,1,0
2086,1.0,92.0,81.0,73.0,7.4,0,1,0,0,0,0,0,0,0
2903,1.0,100.0,13.0,80.0,7.1,0,0,0,1,0,0,0,0,0
683,1.0,147.0,680.0,94.0,8.5,0,0,1,0,0,0,0,1,0
263,1.0,112.0,29.0,60.0,6.5,0,1,0,0,0,0,0,1,0
2996,1.0,92.0,4.0,70.0,7.1,0,0,0,1,0,0,0,1,0
44,1.0,81.0,193.0,58.0,6.7,0,0,1,0,0,1,0,0,0
110,1.0,93.0,1.0,58.500851788756385,7.6,0,0,0,1,0,0,0,0,0
2637,1.0,84.0,13.0,64.0,6.8,0,0,0,1,0,0,0,1,0
2508,1.0,101.0,8.0,58.0,6.2,1,0,0,0,0,0,0,1,0
150,1.0,102.0,21.0,78.0,6.8,0,0,0,1,0,0,0,0,0
1726,1.0,89.0,6.0,25.0,5.2,0,0,0,0,0,0,1,0,0
533,1.0,101.0,1.0,58.500851788756385,6.3,0,0,0,1,1,0,0,0,0
2437,1.0,85.0,31.0,84.0,6.6,0,0,0,1,0,0,0,0,0
3287,1.0,99.0,49.0,77.0,7.5,0,0,0,1,0,0,0,0,0
1797,1.0,130.0,12.0,56.0,6.4,0,0,0,0,0,0,0,0,0
300,1.0,104.0,33.0,46.0,5.3,0,0,0,0,1,0,0,0,0
630,1.0,88.0,2.0,61.0,6.3,1,0,0,0,0,0,1,0,0
556,1.0,135.0,87.0,98.0,7.9,0,1,0,0,1,0,0,0,0
1573,1.0,132.0,18.0,65.0,6.8,0,1,0,0,0,0,0,1,0
534,1.0,119.0,11.0,57.0,6.1,1,0,0,0,0,0,1,0,0
1623,1.0,99.0,25.0,53.0,7.1,0,0,0,1,0,0,1,0,0
2698,1.0,86.0,1.0,55.0,6.8,0,0,0,0,0,0,0,0,0
2396,1.0,113.0,25.0,25.0,5.9,0,0,0,1,0,0,1,0,0
676,1.0,97.0,690.0,58.500851788756385,5.2,0,0,0,0,1,0,0,0,0
1906,1.0,112.0,328.0,72.0,7.8,0,0,0,1,0,0,0,0,0
2657,1.0,113.0,183.0,53.0,6.6,1,0,0,0,1,0,0,0,0
819,1.0,86.0,13.0,33.0,5.5,0,0,0,0,0,0,1,0,0
938,1.0,99.0,78.0,50.0,6.0,0,0,0,1,1,0,0,0,0
2160,1.0,90.0,40.0,34.0,5.3,0,0,0,1,0,0,0,1,0
3035,1.0,95.0,146.0,39.0,5.3,0,0,0,1,1,0,0,0,0
379,1.0,84.0,1.0,58.500851788756385,6.5,0,0,0,0,0,0,0,0,0
466,1.0,125.0,275.0,53.0,7.1,0,0,1,0,0,0,1,0,0
1989,1.0,118.0,3.0,63.0,7.2,0,0,0,1,0,1,0,0,0
2131,1.0,169.0,2.0,78.0,7.3,0,0,0,1,0,0,0,0,0
747,1.0,99.0,87.0,66.0,7.6,0,0,0,1,0,0,1,0,0
